"","id","standard","question","languages","how_learned","alph_order","gujarati","hindi","english","marathi","urdu","sindhi","punjabi","bengali","marwari","kathiyawadi","malyam","memon","tamil","rajasthani","arabic","bihari","telgu","other","langs_sum"
"1","Z03A06",3,"home_language","hindi gujarati",NA,"gujarati hindi",1,1,0,0,0,0,0,0,0,0,0,0,0,0,0,0,0,0,2
"2","Z03A09",3,"home_language","hindi/urdu",NA,"hindi urdu",0,1,0,0,1,0,0,0,0,0,0,0,0,0,0,0,0,0,2
"3","Z03A09",3,"mother_tongue","hindi/urdu",NA,"hindi urdu",0,1,0,0,1,0,0,0,0,0,0,0,0,0,0,0,0,0,2
"4","Z03A16",3,"home_language","hindi",NA,"hindi",0,1,0,0,0,0,0,0,0,0,0,0,0,0,0,0,0,0,1
"5","Z03A51",3,"friends_language","hindi english",NA,"english hindi",0,1,1,0,0,0,0,0,0,0,0,0,0,0,0,0,0,0,2
"6","Z03A51",3,"home_language","hindigujarati",NA,"gujarati hindi",1,1,0,0,0,0,0,0,0,0,0,0,0,0,0,0,0,0,2
"7","Z03A59",3,"home_language","gujarati",NA,"gujarati",1,0,0,0,0,0,0,0,0,0,0,0,0,0,0,0,0,0,1
"8","Z03A59",3,"mother_tongue","gujarati",NA,"gujarati",1,0,0,0,0,0,0,0,0,0,0,0,0,0,0,0,0,0,1
"9","Z03A60",3,"home_language","malyam",NA,"malyam",0,0,0,0,0,0,0,0,0,0,1,0,0,0,0,0,0,0,1
"10","Z03A60",3,"mother_tongue","malyam",NA,"malyam",0,0,0,0,0,0,0,0,0,0,1,0,0,0,0,0,0,0,1
"11","Z03B58",3,"friends_language","hindi english",NA,"english hindi",0,1,1,0,0,0,0,0,0,0,0,0,0,0,0,0,0,0,2
"12","Z03B58",3,"home_language","hindi",NA,"hindi",0,1,0,0,0,0,0,0,0,0,0,0,0,0,0,0,0,0,1
"13","Z03B58",3,"lang1","english","teacher","english",0,0,1,0,0,0,0,0,0,0,0,0,0,0,0,0,0,0,1
"14","Z03B58",3,"lang2","urdu","neighborhood","urdu",0,0,0,0,1,0,0,0,0,0,0,0,0,0,0,0,0,0,1
"15","Z03B58",3,"lang3","hindi","parents","hindi",0,1,0,0,0,0,0,0,0,0,0,0,0,0,0,0,0,0,1
"16","Z03B58",3,"lang4","gujarati","neighborhood","gujarati",1,0,0,0,0,0,0,0,0,0,0,0,0,0,0,0,0,0,1
"17","Z03B58",3,"lang5","bengali","friends","bengali",0,0,0,0,0,0,0,1,0,0,0,0,0,0,0,0,0,0,1
"18","Z03B58",3,"mother_tongue","hindi",NA,"hindi",0,1,0,0,0,0,0,0,0,0,0,0,0,0,0,0,0,0,1
"19","Z03B58",3,"speak","english urdu gujarati hindi","","english gujarati hindi urdu",1,1,1,0,1,0,0,0,0,0,0,0,0,0,0,0,0,0,4
"20","Z03B58",3,"understand","english bengali gujarati","","bengali english gujarati",1,0,1,0,0,0,0,1,0,0,0,0,0,0,0,0,0,0,3
"21","Z03C01",3,"friends_language","hindi",NA,"hindi",0,1,0,0,0,0,0,0,0,0,0,0,0,0,0,0,0,0,1
"22","Z03C01",3,"home_language","hindi",NA,"hindi",0,1,0,0,0,0,0,0,0,0,0,0,0,0,0,0,0,0,1
"23","Z03C01",3,"lang home and friends","hindi",NA,"hindi",0,1,0,0,0,0,0,0,0,0,0,0,0,0,0,0,0,0,1
"24","Z03C01",3,"lang1","hindi","parents","hindi",0,1,0,0,0,0,0,0,0,0,0,0,0,0,0,0,0,0,1
"25","Z03C01",3,"lang2","english","teacher","english",0,0,1,0,0,0,0,0,0,0,0,0,0,0,0,0,0,0,1
"26","Z03C01",3,"lang3","gujarati","teacher","gujarati",1,0,0,0,0,0,0,0,0,0,0,0,0,0,0,0,0,0,1
"27","Z03C01",3,"mother_tongue","hindi",NA,"hindi",0,1,0,0,0,0,0,0,0,0,0,0,0,0,0,0,0,0,1
"28","Z03C01",3,"speak","hindi english urdu gujarati",NA,"english gujarati hindi urdu",1,1,1,0,1,0,0,0,0,0,0,0,0,0,0,0,0,0,4
"29","Z03C02",3,"friends_language","hindi",NA,"hindi",0,1,0,0,0,0,0,0,0,0,0,0,0,0,0,0,0,0,1
"30","Z03C02",3,"home_language","hindi",NA,"hindi",0,1,0,0,0,0,0,0,0,0,0,0,0,0,0,0,0,0,1
"31","Z03C02",3,"lang home and friends","hindi",NA,"hindi",0,1,0,0,0,0,0,0,0,0,0,0,0,0,0,0,0,0,1
"32","Z03C02",3,"lang1","hindi","from start","hindi",0,1,0,0,0,0,0,0,0,0,0,0,0,0,0,0,0,0,1
"33","Z03C02",3,"lang2","english","parent","english",0,0,1,0,0,0,0,0,0,0,0,0,0,0,0,0,0,0,1
"34","Z03C02",3,"lang3","gujarati","parents","gujarati",1,0,0,0,0,0,0,0,0,0,0,0,0,0,0,0,0,0,1
"35","Z03C02",3,"mother_tongue","hindi",NA,"hindi",0,1,0,0,0,0,0,0,0,0,0,0,0,0,0,0,0,0,1
"36","Z03C02",3,"speak","hindi english",NA,"english hindi",0,1,1,0,0,0,0,0,0,0,0,0,0,0,0,0,0,0,2
"37","Z03C02",3,"understand","gujarati",NA,"gujarati",1,0,0,0,0,0,0,0,0,0,0,0,0,0,0,0,0,0,1
"38","Z03C04",3,"friends_language","gujarati hindi",NA,"gujarati hindi",1,1,0,0,0,0,0,0,0,0,0,0,0,0,0,0,0,0,2
"39","Z03C04",3,"home_language","gujarati",NA,"gujarati",1,0,0,0,0,0,0,0,0,0,0,0,0,0,0,0,0,0,1
"40","Z03C04",3,"lang home and friends","gujarati hindi",NA,"gujarati hindi",1,1,0,0,0,0,0,0,0,0,0,0,0,0,0,0,0,0,2
"41","Z03C04",3,"lang1","hindi","from friends","hindi",0,1,0,0,0,0,0,0,0,0,0,0,0,0,0,0,0,0,1
"42","Z03C04",3,"lang2","gujarati","from start","gujarati",1,0,0,0,0,0,0,0,0,0,0,0,0,0,0,0,0,0,1
"43","Z03C04",3,"lang3","english","from school","english",0,0,1,0,0,0,0,0,0,0,0,0,0,0,0,0,0,0,1
"44","Z03C04",3,"mother_tongue","gujarati",NA,"gujarati",1,0,0,0,0,0,0,0,0,0,0,0,0,0,0,0,0,0,1
"45","Z03C04",3,"speak","hindi gujarati english",NA,"english gujarati hindi",1,1,1,0,0,0,0,0,0,0,0,0,0,0,0,0,0,0,3
"46","Z03C06",3,"friends_language","hindi",NA,"hindi",0,1,0,0,0,0,0,0,0,0,0,0,0,0,0,0,0,0,1
"47","Z03C06",3,"home_language","hindi",NA,"hindi",0,1,0,0,0,0,0,0,0,0,0,0,0,0,0,0,0,0,1
"48","Z03C06",3,"lang1","english","teacher","english",0,0,1,0,0,0,0,0,0,0,0,0,0,0,0,0,0,0,1
"49","Z03C06",3,"lang2","hindi","parent","hindi",0,1,0,0,0,0,0,0,0,0,0,0,0,0,0,0,0,0,1
"50","Z03C06",3,"mother_tongue","hindi",NA,"hindi",0,1,0,0,0,0,0,0,0,0,0,0,0,0,0,0,0,0,1
"51","Z03C06",3,"speak","hindi gujarati english urdu","","english gujarati hindi urdu",1,1,1,0,1,0,0,0,0,0,0,0,0,0,0,0,0,0,4
"52","Z03C06",3,"understand","english gujarati","","english gujarati",1,0,1,0,0,0,0,0,0,0,0,0,0,0,0,0,0,0,2
"53","Z03C07",3,"friends_language","gujarat hindi",NA,"gujarati hindi",1,1,0,0,0,0,0,0,0,0,0,0,0,0,0,0,0,0,2
"54","Z03C07",3,"home_language","gujarati",NA,"gujarati",1,0,0,0,0,0,0,0,0,0,0,0,0,0,0,0,0,0,1
"55","Z03C07",3,"lang home and friends","gujarati hindi",NA,"gujarati hindi",1,1,0,0,0,0,0,0,0,0,0,0,0,0,0,0,0,0,2
"56","Z03C07",3,"lang1","hindi","parents","hindi",0,1,0,0,0,0,0,0,0,0,0,0,0,0,0,0,0,0,1
"57","Z03C07",3,"lang2","english","neighbour friends","english",0,0,1,0,0,0,0,0,0,0,0,0,0,0,0,0,0,0,1
"58","Z03C07",3,"lang3","gujarati","from start","gujarati",1,0,0,0,0,0,0,0,0,0,0,0,0,0,0,0,0,0,1
"59","Z03C07",3,"mother_tongue","gujarat",NA,"gujarati",1,0,0,0,0,0,0,0,0,0,0,0,0,0,0,0,0,0,1
"60","Z03C07",3,"speak","gurarti english hindi",NA,"english gujarati hindi",1,1,1,0,0,0,0,0,0,0,0,0,0,0,0,0,0,0,3
"61","Z03C07",3,"understand","tamil",NA,"tamil",0,0,0,0,0,0,0,0,0,0,0,0,1,0,0,0,0,0,1
"62","Z03C09",3,"friends_language","hindi",NA,"hindi",0,1,0,0,0,0,0,0,0,0,0,0,0,0,0,0,0,0,1
"63","Z03C09",3,"home_language","hindi",NA,"hindi",0,1,0,0,0,0,0,0,0,0,0,0,0,0,0,0,0,0,1
"64","Z03C09",3,"lang1","hindi","mother","hindi",0,1,0,0,0,0,0,0,0,0,0,0,0,0,0,0,0,0,1
"65","Z03C09",3,"lang2","gujarati","mother","gujarati",1,0,0,0,0,0,0,0,0,0,0,0,0,0,0,0,0,0,1
"66","Z03C09",3,"lang3","english","teacher","english",0,0,1,0,0,0,0,0,0,0,0,0,0,0,0,0,0,0,1
"67","Z03C09",3,"mother_tongue","hindi",NA,"hindi",0,1,0,0,0,0,0,0,0,0,0,0,0,0,0,0,0,0,1
"68","Z03C09",3,"speak","hindi english gujarati","","english gujarati hindi",1,1,1,0,0,0,0,0,0,0,0,0,0,0,0,0,0,0,3
"69","Z03C09",3,"understand","english hindi gujarati","","english gujarati hindi",1,1,1,0,0,0,0,0,0,0,0,0,0,0,0,0,0,0,3
"70","Z03C10",3,"friends_language","marathi",NA,"marathi",0,0,0,1,0,0,0,0,0,0,0,0,0,0,0,0,0,0,1
"71","Z03C10",3,"home_language","marathi",NA,"marathi",0,0,0,1,0,0,0,0,0,0,0,0,0,0,0,0,0,0,1
"72","Z03C10",3,"lang home and friends","marathi",NA,"marathi",0,0,0,1,0,0,0,0,0,0,0,0,0,0,0,0,0,0,1
"73","Z03C10",3,"lang1","hindi","friends","hindi",0,1,0,0,0,0,0,0,0,0,0,0,0,0,0,0,0,0,1
"74","Z03C10",3,"lang2","gujarati","friends","gujarati",1,0,0,0,0,0,0,0,0,0,0,0,0,0,0,0,0,0,1
"75","Z03C10",3,"lang3","marathi","parents","marathi",0,0,0,1,0,0,0,0,0,0,0,0,0,0,0,0,0,0,1
"76","Z03C10",3,"mother_tongue","marathi",NA,"marathi",0,0,0,1,0,0,0,0,0,0,0,0,0,0,0,0,0,0,1
"77","Z03C10",3,"speak","marathi gujarati hindi",NA,"gujarati hindi marathi",1,1,0,1,0,0,0,0,0,0,0,0,0,0,0,0,0,0,3
"78","Z03C14",3,"friends_language","marathi gujarati",NA,"gujarati marathi",1,0,0,1,0,0,0,0,0,0,0,0,0,0,0,0,0,0,2
"79","Z03C14",3,"home_language","marathi",NA,"marathi",0,0,0,1,0,0,0,0,0,0,0,0,0,0,0,0,0,0,1
"80","Z03C14",3,"lang home and friends","marathi gujarati",NA,"gujarati marathi",1,0,0,1,0,0,0,0,0,0,0,0,0,0,0,0,0,0,2
"81","Z03C14",3,"lang1","marathi","from start","marathi",0,0,0,1,0,0,0,0,0,0,0,0,0,0,0,0,0,0,1
"82","Z03C14",3,"lang2","hindi","from start","hindi",0,1,0,0,0,0,0,0,0,0,0,0,0,0,0,0,0,0,1
"83","Z03C14",3,"lang3","gujarati","from start","gujarati",1,0,0,0,0,0,0,0,0,0,0,0,0,0,0,0,0,0,1
"84","Z03C14",3,"lang4","english","from start","english",0,0,1,0,0,0,0,0,0,0,0,0,0,0,0,0,0,0,1
"85","Z03C14",3,"mother_tongue","marathi",NA,"marathi",0,0,0,1,0,0,0,0,0,0,0,0,0,0,0,0,0,0,1
"86","Z03C14",3,"speak","marathi gujarati hindi english",NA,"english gujarati hindi marathi",1,1,1,1,0,0,0,0,0,0,0,0,0,0,0,0,0,0,4
"87","Z03C14",3,"understand","urdu",NA,"urdu",0,0,0,0,1,0,0,0,0,0,0,0,0,0,0,0,0,0,1
"88","Z03C16",3,"friends_language","hindi",NA,"hindi",0,1,0,0,0,0,0,0,0,0,0,0,0,0,0,0,0,0,1
"89","Z03C16",3,"home_language","hindi",NA,"hindi",0,1,0,0,0,0,0,0,0,0,0,0,0,0,0,0,0,0,1
"90","Z03C16",3,"lang1","hindi","mother","hindi",0,1,0,0,0,0,0,0,0,0,0,0,0,0,0,0,0,0,1
"91","Z03C16",3,"mother_tongue","hindi",NA,"hindi",0,1,0,0,0,0,0,0,0,0,0,0,0,0,0,0,0,0,1
"92","Z03C16",3,"speak","hindi","","hindi",0,1,0,0,0,0,0,0,0,0,0,0,0,0,0,0,0,0,1
"93","Z03C16",3,"understand","hindi","","hindi",0,1,0,0,0,0,0,0,0,0,0,0,0,0,0,0,0,0,1
"94","Z03C18",3,"friends_language","hindi gujarati english",NA,"english gujarati hindi",1,1,1,0,0,0,0,0,0,0,0,0,0,0,0,0,0,0,3
"95","Z03C18",3,"home_language","hindi",NA,"hindi",0,1,0,0,0,0,0,0,0,0,0,0,0,0,0,0,0,0,1
"96","Z03C18",3,"lang1","hindi","from start","hindi",0,1,0,0,0,0,0,0,0,0,0,0,0,0,0,0,0,0,1
"97","Z03C18",3,"lang2","english","from start","english",0,0,1,0,0,0,0,0,0,0,0,0,0,0,0,0,0,0,1
"98","Z03C18",3,"lang3","gujarati","teachers","gujarati",1,0,0,0,0,0,0,0,0,0,0,0,0,0,0,0,0,0,1
"99","Z03C18",3,"lang4","bengali","friends","bengali",0,0,0,0,0,0,0,1,0,0,0,0,0,0,0,0,0,0,1
"100","Z03C18",3,"lang5","marathi","friends","marathi",0,0,0,1,0,0,0,0,0,0,0,0,0,0,0,0,0,0,1
"101","Z03C18",3,"mother_tongue","hindi",NA,"hindi",0,1,0,0,0,0,0,0,0,0,0,0,0,0,0,0,0,0,1
"102","Z03C18",3,"speak","hindi english","","english hindi",0,1,1,0,0,0,0,0,0,0,0,0,0,0,0,0,0,0,2
"103","Z03C18",3,"understand","hindi english gujarati bengali marathi","","bengali english gujarati hindi marathi",1,1,1,1,0,0,0,1,0,0,0,0,0,0,0,0,0,0,5
"104","Z03C20",3,"friends_language","hindi urdu",NA,"hindi urdu",0,1,0,0,1,0,0,0,0,0,0,0,0,0,0,0,0,0,2
"105","Z03C20",3,"home_language","urdu",NA,"urdu",0,0,0,0,1,0,0,0,0,0,0,0,0,0,0,0,0,0,1
"106","Z03C20",3,"lang1","urdu","grandmother","urdu",0,0,0,0,1,0,0,0,0,0,0,0,0,0,0,0,0,0,1
"107","Z03C20",3,"lang2","english","from start","english",0,0,1,0,0,0,0,0,0,0,0,0,0,0,0,0,0,0,1
"108","Z03C20",3,"lang3","hindi","from start","hindi",0,1,0,0,0,0,0,0,0,0,0,0,0,0,0,0,0,0,1
"109","Z03C20",3,"mother_tongue","urdu",NA,"urdu",0,0,0,0,1,0,0,0,0,0,0,0,0,0,0,0,0,0,1
"110","Z03C20",3,"speak","urdu hindi english","","english hindi urdu",0,1,1,0,1,0,0,0,0,0,0,0,0,0,0,0,0,0,3
"111","Z03C20",3,"understand","no opinion","","no opinion",0,0,0,0,0,0,0,0,0,0,0,0,0,0,0,0,0,0,0
"112","Z03C43",3,"friends_language","hindi",NA,"hindi",0,1,0,0,0,0,0,0,0,0,0,0,0,0,0,0,0,0,1
"113","Z03C43",3,"home_language","hindi",NA,"hindi",0,1,0,0,0,0,0,0,0,0,0,0,0,0,0,0,0,0,1
"114","Z03C43",3,"lang home and friends","hindi",NA,"hindi",0,1,0,0,0,0,0,0,0,0,0,0,0,0,0,0,0,0,1
"115","Z03C43",3,"lang1","english","teacher","english",0,0,1,0,0,0,0,0,0,0,0,0,0,0,0,0,0,0,1
"116","Z03C43",3,"lang2","hindi","parents","hindi",0,1,0,0,0,0,0,0,0,0,0,0,0,0,0,0,0,0,1
"117","Z03C43",3,"lang3","gujarati","teacher","gujarati",1,0,0,0,0,0,0,0,0,0,0,0,0,0,0,0,0,0,1
"118","Z03C43",3,"mother_tongue","hindi",NA,"hindi",0,1,0,0,0,0,0,0,0,0,0,0,0,0,0,0,0,0,1
"119","Z03C43",3,"speak","english hindi gujarati",NA,"english gujarati hindi",1,1,1,0,0,0,0,0,0,0,0,0,0,0,0,0,0,0,3
"120","Z03C44",3,"friends_language","hindi gujarati",NA,"gujarati hindi",1,1,0,0,0,0,0,0,0,0,0,0,0,0,0,0,0,0,2
"121","Z03C44",3,"home_language","hindi",NA,"hindi",0,1,0,0,0,0,0,0,0,0,0,0,0,0,0,0,0,0,1
"122","Z03C44",3,"lang home and friends","hindi gujarati",NA,"gujarati hindi",1,1,0,0,0,0,0,0,0,0,0,0,0,0,0,0,0,0,2
"123","Z03C44",3,"lang1","marathi","from my neighbour","marathi",0,0,0,1,0,0,0,0,0,0,0,0,0,0,0,0,0,0,1
"124","Z03C44",3,"lang2","hindi","from start","hindi",0,1,0,0,0,0,0,0,0,0,0,0,0,0,0,0,0,0,1
"125","Z03C44",3,"lang3","gujarati","from my friends","gujarati",1,0,0,0,0,0,0,0,0,0,0,0,0,0,0,0,0,0,1
"126","Z03C44",3,"lang4","english","from the school","english",0,0,1,0,0,0,0,0,0,0,0,0,0,0,0,0,0,0,1
"127","Z03C44",3,"lang5","punjabi","from my friends","punjabi",0,0,0,0,0,0,1,0,0,0,0,0,0,0,0,0,0,0,1
"128","Z03C44",3,"mother_tongue","hindi",NA,"hindi",0,1,0,0,0,0,0,0,0,0,0,0,0,0,0,0,0,0,1
"129","Z03C44",3,"speak","gujarati hindi",NA,"gujarati hindi",1,1,0,0,0,0,0,0,0,0,0,0,0,0,0,0,0,0,2
"130","Z03C44",3,"understand","marathi",NA,"marathi",0,0,0,1,0,0,0,0,0,0,0,0,0,0,0,0,0,0,1
"131","Z03C46",3,"friends_language","hindi",NA,"hindi",0,1,0,0,0,0,0,0,0,0,0,0,0,0,0,0,0,0,1
"132","Z03C46",3,"home_language","hindi",NA,"hindi",0,1,0,0,0,0,0,0,0,0,0,0,0,0,0,0,0,0,1
"133","Z03C46",3,"lang home and friends","hindi",NA,"hindi",0,1,0,0,0,0,0,0,0,0,0,0,0,0,0,0,0,0,1
"134","Z03C46",3,"lang1","hindi","parents","hindi",0,1,0,0,0,0,0,0,0,0,0,0,0,0,0,0,0,0,1
"135","Z03C46",3,"lang2","gujarati","from start","gujarati",1,0,0,0,0,0,0,0,0,0,0,0,0,0,0,0,0,0,1
"136","Z03C46",3,"lang3","english","from start","english",0,0,1,0,0,0,0,0,0,0,0,0,0,0,0,0,0,0,1
"137","Z03C46",3,"mother_tongue","hindi",NA,"hindi",0,1,0,0,0,0,0,0,0,0,0,0,0,0,0,0,0,0,1
"138","Z03C46",3,"speak","english hindi gujarati",NA,"english gujarati hindi",1,1,1,0,0,0,0,0,0,0,0,0,0,0,0,0,0,0,3
"139","Z03C47",3,"friends_language","hindi punjabi",NA,"hindi punjabi",0,1,0,0,0,0,1,0,0,0,0,0,0,0,0,0,0,0,2
"140","Z03C47",3,"home_language","hindi punjabi",NA,"hindi punjabi",0,1,0,0,0,0,1,0,0,0,0,0,0,0,0,0,0,0,2
"141","Z03C47",3,"lang home and friends","hindi punjabi",NA,"hindi punjabi",0,1,0,0,0,0,1,0,0,0,0,0,0,0,0,0,0,0,2
"142","Z03C47",3,"lang1","punjabi","from start","punjabi",0,0,0,0,0,0,1,0,0,0,0,0,0,0,0,0,0,0,1
"143","Z03C47",3,"lang2","gujarati","from start","gujarati",1,0,0,0,0,0,0,0,0,0,0,0,0,0,0,0,0,0,1
"144","Z03C47",3,"lang3","english","from start","english",0,0,1,0,0,0,0,0,0,0,0,0,0,0,0,0,0,0,1
"145","Z03C47",3,"lang4","marathi","from start","marathi",0,0,0,1,0,0,0,0,0,0,0,0,0,0,0,0,0,0,1
"146","Z03C47",3,"lang5","hindi","from start","hindi",0,1,0,0,0,0,0,0,0,0,0,0,0,0,0,0,0,0,1
"147","Z03C47",3,"mother_tongue","hindi",NA,"hindi",0,1,0,0,0,0,0,0,0,0,0,0,0,0,0,0,0,0,1
"148","Z03C47",3,"speak","punjabi gujarati marathi hindi english",NA,"english gujarati hindi marathi punjabi",1,1,1,1,0,0,1,0,0,0,0,0,0,0,0,0,0,0,5
"149","Z03C48",3,"friends_language","gujarati",NA,"gujarati",1,0,0,0,0,0,0,0,0,0,0,0,0,0,0,0,0,0,1
"150","Z03C48",3,"home_language","kathiyawadi",NA,"kathiyawadi",0,0,0,0,0,0,0,0,0,1,0,0,0,0,0,0,0,0,1
"151","Z03C48",3,"lang home and friends","kathiyawadi gujarati",NA,"gujarati kathiyawadi",1,0,0,0,0,0,0,0,0,1,0,0,0,0,0,0,0,0,2
"152","Z03C48",3,"lang1","hindi","friends","hindi",0,1,0,0,0,0,0,0,0,0,0,0,0,0,0,0,0,0,1
"153","Z03C48",3,"lang2","gujarati","friends","gujarati",1,0,0,0,0,0,0,0,0,0,0,0,0,0,0,0,0,0,1
"154","Z03C48",3,"lang3","english","teachers","english",0,0,1,0,0,0,0,0,0,0,0,0,0,0,0,0,0,0,1
"155","Z03C48",3,"lang4","kathiyawadi","from start","kathiyawadi",0,0,0,0,0,0,0,0,0,1,0,0,0,0,0,0,0,0,1
"156","Z03C48",3,"mother_tongue","kathiyawadi",NA,"kathiyawadi",0,0,0,0,0,0,0,0,0,1,0,0,0,0,0,0,0,0,1
"157","Z03C48",3,"speak","hindi gujarati english kathiyawadi",NA,"english gujarati hindi kathiyawadi",1,1,1,0,0,0,0,0,0,1,0,0,0,0,0,0,0,0,4
"158","Z03C49",3,"friends_language","hindi gujarati",NA,"gujarati hindi",1,1,0,0,0,0,0,0,0,0,0,0,0,0,0,0,0,0,2
"159","Z03C49",3,"home_language","gujarati",NA,"gujarati",1,0,0,0,0,0,0,0,0,0,0,0,0,0,0,0,0,0,1
"160","Z03C49",3,"lang home and friends","gujarati hindi",NA,"gujarati hindi",1,1,0,0,0,0,0,0,0,0,0,0,0,0,0,0,0,0,2
"161","Z03C49",3,"lang1","hindi","by learning to friend","hindi",0,1,0,0,0,0,0,0,0,0,0,0,0,0,0,0,0,0,1
"162","Z03C49",3,"lang2","gujarati","by my mother and father","gujarati",1,0,0,0,0,0,0,0,0,0,0,0,0,0,0,0,0,0,1
"163","Z03C49",3,"lang3","english","by coming to school","english",0,0,1,0,0,0,0,0,0,0,0,0,0,0,0,0,0,0,1
"164","Z03C49",3,"mother_tongue","gujarati",NA,"gujarati",1,0,0,0,0,0,0,0,0,0,0,0,0,0,0,0,0,0,1
"165","Z03C49",3,"speak","gujarati hindi",NA,"gujarati hindi",1,1,0,0,0,0,0,0,0,0,0,0,0,0,0,0,0,0,2
"166","Z03C51",3,"friends_language","gujarati hindi",NA,"gujarati hindi",1,1,0,0,0,0,0,0,0,0,0,0,0,0,0,0,0,0,2
"167","Z03C51",3,"home_language","gujarati",NA,"gujarati",1,0,0,0,0,0,0,0,0,0,0,0,0,0,0,0,0,0,1
"168","Z03C51",3,"lang1","gujarati","from start","gujarati",1,0,0,0,0,0,0,0,0,0,0,0,0,0,0,0,0,0,1
"169","Z03C51",3,"lang2","hindi","parents","hindi",0,1,0,0,0,0,0,0,0,0,0,0,0,0,0,0,0,0,1
"170","Z03C51",3,"lang3","english","teachers","english",0,0,1,0,0,0,0,0,0,0,0,0,0,0,0,0,0,0,1
"171","Z03C51",3,"mother_tongue","gujarati",NA,"gujarati",1,0,0,0,0,0,0,0,0,0,0,0,0,0,0,0,0,0,1
"172","Z03C51",3,"speak","hindi gujarati english","","english gujarati hindi",1,1,1,0,0,0,0,0,0,0,0,0,0,0,0,0,0,0,3
"173","Z03C51",3,"understand","hindi english gujarati","","english gujarati hindi",1,1,1,0,0,0,0,0,0,0,0,0,0,0,0,0,0,0,3
"174","Z03C60",3,"friends_language","hindi",NA,"hindi",0,1,0,0,0,0,0,0,0,0,0,0,0,0,0,0,0,0,1
"175","Z03C60",3,"home_language","hindi",NA,"hindi",0,1,0,0,0,0,0,0,0,0,0,0,0,0,0,0,0,0,1
"176","Z03C60",3,"lang1","gujarati","teacher","gujarati",1,0,0,0,0,0,0,0,0,0,0,0,0,0,0,0,0,0,1
"177","Z03C60",3,"lang2","english","teacher","english",0,0,1,0,0,0,0,0,0,0,0,0,0,0,0,0,0,0,1
"178","Z03C60",3,"lang3","hindi","from start","hindi",0,1,0,0,0,0,0,0,0,0,0,0,0,0,0,0,0,0,1
"179","Z03C60",3,"mother_tongue","hindi",NA,"hindi",0,1,0,0,0,0,0,0,0,0,0,0,0,0,0,0,0,0,1
"180","Z03C60",3,"speak","gujarati english hindi","","english gujarati hindi",1,1,1,0,0,0,0,0,0,0,0,0,0,0,0,0,0,0,3
"181","Z03C60",3,"understand","gujarati english hindi","","english gujarati hindi",1,1,1,0,0,0,0,0,0,0,0,0,0,0,0,0,0,0,3
"182","Z03C62",3,"friends_language","hindi english",NA,"english hindi",0,1,1,0,0,0,0,0,0,0,0,0,0,0,0,0,0,0,2
"183","Z03C62",3,"home_language","gujarati",NA,"gujarati",1,0,0,0,0,0,0,0,0,0,0,0,0,0,0,0,0,0,1
"184","Z03C62",3,"lang1","gujarati","mother","gujarati",1,0,0,0,0,0,0,0,0,0,0,0,0,0,0,0,0,0,1
"185","Z03C62",3,"lang2","hindi","mother","hindi",0,1,0,0,0,0,0,0,0,0,0,0,0,0,0,0,0,0,1
"186","Z03C62",3,"lang3","english","teacher","english",0,0,1,0,0,0,0,0,0,0,0,0,0,0,0,0,0,0,1
"187","Z03C62",3,"mother_tongue","gujarati",NA,"gujarati",1,0,0,0,0,0,0,0,0,0,0,0,0,0,0,0,0,0,1
"188","Z03C62",3,"speak","hindi english gujarati","","english gujarati hindi",1,1,1,0,0,0,0,0,0,0,0,0,0,0,0,0,0,0,3
"189","Z03C62",3,"understand","gujarati","","gujarati",1,0,0,0,0,0,0,0,0,0,0,0,0,0,0,0,0,0,1
"190","Z05A03",5,"friends_language","hindi marathi",NA,"hindi marathi",0,1,0,1,0,0,0,0,0,0,0,0,0,0,0,0,0,0,2
"191","Z05A03",5,"home_language","gujarati",NA,"gujarati",1,0,0,0,0,0,0,0,0,0,0,0,0,0,0,0,0,0,1
"192","Z05A03",5,"mother_tongue","gujarati",NA,"gujarati",1,0,0,0,0,0,0,0,0,0,0,0,0,0,0,0,0,0,1
"193","Z05A03",5,"speak","english hindi marathi","","english hindi marathi",0,1,1,1,0,0,0,0,0,0,0,0,0,0,0,0,0,0,3
"194","Z05A04",5,"friends_language","gujarati hindi",NA,"gujarati hindi",1,1,0,0,0,0,0,0,0,0,0,0,0,0,0,0,0,0,2
"195","Z05A04",5,"home_language","marathi gujarati",NA,"gujarati marathi",1,0,0,1,0,0,0,0,0,0,0,0,0,0,0,0,0,0,2
"196","Z05A04",5,"speak","marathi hindi gujarati english","","english gujarati hindi marathi",1,1,1,1,0,0,0,0,0,0,0,0,0,0,0,0,0,0,4
"197","Z05A05",5,"friends_language","gujarati hindi",NA,"gujarati hindi",1,1,0,0,0,0,0,0,0,0,0,0,0,0,0,0,0,0,2
"198","Z05A05",5,"home_language","gujarati",NA,"gujarati",1,0,0,0,0,0,0,0,0,0,0,0,0,0,0,0,0,0,1
"199","Z05A05",5,"speak","hindi gujarati english","","english gujarati hindi",1,1,1,0,0,0,0,0,0,0,0,0,0,0,0,0,0,0,3
"200","Z05A07",5,"friends_language","hindi gujarati",NA,"gujarati hindi",1,1,0,0,0,0,0,0,0,0,0,0,0,0,0,0,0,0,2
"201","Z05A07",5,"home_language","marathi",NA,"marathi",0,0,0,1,0,0,0,0,0,0,0,0,0,0,0,0,0,0,1
"202","Z05A07",5,"mother_tongue","marathi",NA,"marathi",0,0,0,1,0,0,0,0,0,0,0,0,0,0,0,0,0,0,1
"203","Z05A07",5,"speak","marathi hindi gujarati english","","english gujarati hindi marathi",1,1,1,1,0,0,0,0,0,0,0,0,0,0,0,0,0,0,4
"204","Z05A07",5,"understand","dravidian_male","","dravidian_male",0,0,0,0,0,0,0,0,0,0,0,0,0,0,0,0,0,0,0
"205","Z05A08",5,"friends_language","hindi",NA,"hindi",0,1,0,0,0,0,0,0,0,0,0,0,0,0,0,0,0,0,1
"206","Z05A08",5,"home_language","hindi",NA,"hindi",0,1,0,0,0,0,0,0,0,0,0,0,0,0,0,0,0,0,1
"207","Z05A08",5,"mother_tongue","hindi",NA,"hindi",0,1,0,0,0,0,0,0,0,0,0,0,0,0,0,0,0,0,1
"208","Z05A08",5,"speak","hindi urdu english","","english hindi urdu",0,1,1,0,1,0,0,0,0,0,0,0,0,0,0,0,0,0,3
"209","Z05A09",5,"friends_language","hindi gujarati",NA,"gujarati hindi",1,1,0,0,0,0,0,0,0,0,0,0,0,0,0,0,0,0,2
"210","Z05A09",5,"home_language","hindi urdu",NA,"hindi urdu",0,1,0,0,1,0,0,0,0,0,0,0,0,0,0,0,0,0,2
"211","Z05A09",5,"speak","hindi gujarati urdu english","","english gujarati hindi urdu",1,1,1,0,1,0,0,0,0,0,0,0,0,0,0,0,0,0,4
"212","Z05A09",5,"understand","tamil","","tamil",0,0,0,0,0,0,0,0,0,0,0,0,1,0,0,0,0,0,1
"213","Z05A10",5,"friends_language","gujarati hindi",NA,"gujarati hindi",1,1,0,0,0,0,0,0,0,0,0,0,0,0,0,0,0,0,2
"214","Z05A10",5,"home_language","hindi",NA,"hindi",0,1,0,0,0,0,0,0,0,0,0,0,0,0,0,0,0,0,1
"215","Z05A13",5,"friends_language","gujarati hindi marathi",NA,"gujarati hindi marathi",1,1,0,1,0,0,0,0,0,0,0,0,0,0,0,0,0,0,3
"216","Z05A13",5,"home_language","gujarati",NA,"gujarati",1,0,0,0,0,0,0,0,0,0,0,0,0,0,0,0,0,0,1
"217","Z05A13",5,"speak","english hindi gujarati marathi","","english gujarati hindi marathi",1,1,1,1,0,0,0,0,0,0,0,0,0,0,0,0,0,0,4
"218","Z05A19",5,"friends_language","gujarati hindi",NA,"gujarati hindi",1,1,0,0,0,0,0,0,0,0,0,0,0,0,0,0,0,0,2
"219","Z05A19",5,"home_language","hindi",NA,"hindi",0,1,0,0,0,0,0,0,0,0,0,0,0,0,0,0,0,0,1
"220","Z05A19",5,"speak","hindi gujarati english","","english gujarati hindi",1,1,1,0,0,0,0,0,0,0,0,0,0,0,0,0,0,0,3
"221","Z05A33",5,"friends_language","hindi gujarati",NA,"gujarati hindi",1,1,0,0,0,0,0,0,0,0,0,0,0,0,0,0,0,0,2
"222","Z05A33",5,"home_language","hindi",NA,"hindi",0,1,0,0,0,0,0,0,0,0,0,0,0,0,0,0,0,0,1
"223","Z05A33",5,"mother_tongue","hindi",NA,"hindi",0,1,0,0,0,0,0,0,0,0,0,0,0,0,0,0,0,0,1
"224","Z05A33",5,"speak","hindi gujarati english","","english gujarati hindi",1,1,1,0,0,0,0,0,0,0,0,0,0,0,0,0,0,0,3
"225","Z05A42",5,"friends_language","hindi gujarati",NA,"gujarati hindi",1,1,0,0,0,0,0,0,0,0,0,0,0,0,0,0,0,0,2
"226","Z05A42",5,"home_language","gujarati",NA,"gujarati",1,0,0,0,0,0,0,0,0,0,0,0,0,0,0,0,0,0,1
"227","Z05A42",5,"speak","hindi gujarati english urdu","","english gujarati hindi urdu",1,1,1,0,1,0,0,0,0,0,0,0,0,0,0,0,0,0,4
"228","Z05A43",5,"friends_language","hindi gujarati",NA,"gujarati hindi",1,1,0,0,0,0,0,0,0,0,0,0,0,0,0,0,0,0,2
"229","Z05A43",5,"home_language","marathi hindi",NA,"hindi marathi",0,1,0,1,0,0,0,0,0,0,0,0,0,0,0,0,0,0,2
"230","Z05A43",5,"speak","marathi hindi gujarati english","","english gujarati hindi marathi",1,1,1,1,0,0,0,0,0,0,0,0,0,0,0,0,0,0,4
"231","Z05A43",5,"understand","punjabi","","punjabi",0,0,0,0,0,0,1,0,0,0,0,0,0,0,0,0,0,0,1
"232","Z05A47",5,"friends_language","hindi gujarati",NA,"gujarati hindi",1,1,0,0,0,0,0,0,0,0,0,0,0,0,0,0,0,0,2
"233","Z05A47",5,"home_language","gujarati",NA,"gujarati",1,0,0,0,0,0,0,0,0,0,0,0,0,0,0,0,0,0,1
"234","Z05A47",5,"speak","hindi gujarati","","gujarati hindi",1,1,0,0,0,0,0,0,0,0,0,0,0,0,0,0,0,0,2
"235","Z05A47",5,"understand","marathi english","","english marathi",0,0,1,1,0,0,0,0,0,0,0,0,0,0,0,0,0,0,2
"236","Z05A48",5,"friends_language","hindi english",NA,"english hindi",0,1,1,0,0,0,0,0,0,0,0,0,0,0,0,0,0,0,2
"237","Z05A48",5,"home_language","hindi",NA,"hindi",0,1,0,0,0,0,0,0,0,0,0,0,0,0,0,0,0,0,1
"238","Z05A48",5,"speak","hindi english bengali","","bengali english hindi",0,1,1,0,0,0,0,1,0,0,0,0,0,0,0,0,0,0,3
"239","Z05A48",5,"understand","gujarati hindi english bengali","","bengali english gujarati hindi",1,1,1,0,0,0,0,1,0,0,0,0,0,0,0,0,0,0,4
"240","Z05A49",5,"friends_language","gujarati hindi",NA,"gujarati hindi",1,1,0,0,0,0,0,0,0,0,0,0,0,0,0,0,0,0,2
"241","Z05A49",5,"home_language","hindi",NA,"hindi",0,1,0,0,0,0,0,0,0,0,0,0,0,0,0,0,0,0,1
"242","Z05A49",5,"speak","hindi gujarati english","","english gujarati hindi",1,1,1,0,0,0,0,0,0,0,0,0,0,0,0,0,0,0,3
"243","Z05A49",5,"understand","marathi","","marathi",0,0,0,1,0,0,0,0,0,0,0,0,0,0,0,0,0,0,1
"244","Z05A4X",5,"friends_language","gujarati hindi",NA,"gujarati hindi",1,1,0,0,0,0,0,0,0,0,0,0,0,0,0,0,0,0,2
"245","Z05A4X",5,"home_language","gujarati",NA,"gujarati",1,0,0,0,0,0,0,0,0,0,0,0,0,0,0,0,0,0,1
"246","Z05A4X",5,"mother_tongue","gujarati",NA,"gujarati",1,0,0,0,0,0,0,0,0,0,0,0,0,0,0,0,0,0,1
"247","Z05A4X",5,"speak","gujarati hindi urdu","","gujarati hindi urdu",1,1,0,0,1,0,0,0,0,0,0,0,0,0,0,0,0,0,3
"248","Z05A4X",5,"understand","marathi","","marathi",0,0,0,1,0,0,0,0,0,0,0,0,0,0,0,0,0,0,1
"249","Z05A51",5,"home_language","hindi gujarati",NA,"gujarati hindi",1,1,0,0,0,0,0,0,0,0,0,0,0,0,0,0,0,0,2
"250","Z05A52",5,"friends_language","hindi gujarati",NA,"gujarati hindi",1,1,0,0,0,0,0,0,0,0,0,0,0,0,0,0,0,0,2
"251","Z05A52",5,"home_language","gujarati",NA,"gujarati",1,0,0,0,0,0,0,0,0,0,0,0,0,0,0,0,0,0,1
"252","Z05A52",5,"speak","gujarati hindi english","","english gujarati hindi",1,1,1,0,0,0,0,0,0,0,0,0,0,0,0,0,0,0,3
"253","Z05A53",5,"friends_language","hindi english",NA,"english hindi",0,1,1,0,0,0,0,0,0,0,0,0,0,0,0,0,0,0,2
"254","Z05A53",5,"home_language","hindi",NA,"hindi",0,1,0,0,0,0,0,0,0,0,0,0,0,0,0,0,0,0,1
"255","Z05A53",5,"mother_tongue","hindi",NA,"hindi",0,1,0,0,0,0,0,0,0,0,0,0,0,0,0,0,0,0,1
"256","Z05A53",5,"speak","hindi english gujarati","","english gujarati hindi",1,1,1,0,0,0,0,0,0,0,0,0,0,0,0,0,0,0,3
"257","Z05A56",5,"friends_language","hindi english gujarati",NA,"english gujarati hindi",1,1,1,0,0,0,0,0,0,0,0,0,0,0,0,0,0,0,3
"258","Z05A56",5,"home_language","marathi",NA,"marathi",0,0,0,1,0,0,0,0,0,0,0,0,0,0,0,0,0,0,1
"259","Z05A56",5,"mother_tongue","marathi",NA,"marathi",0,0,0,1,0,0,0,0,0,0,0,0,0,0,0,0,0,0,1
"260","Z05A56",5,"speak","hindi marathi english gujarati","","english gujarati hindi marathi",1,1,1,1,0,0,0,0,0,0,0,0,0,0,0,0,0,0,4
"261","Z05A57",5,"friends_language","gujarati hindi",NA,"gujarati hindi",1,1,0,0,0,0,0,0,0,0,0,0,0,0,0,0,0,0,2
"262","Z05A57",5,"home_language","hindi marwadi",NA,"hindi marwari",0,1,0,0,0,0,0,0,1,0,0,0,0,0,0,0,0,0,2
"263","Z05A57",5,"mother_tongue","marwadi",NA,"marwari",0,0,0,0,0,0,0,0,1,0,0,0,0,0,0,0,0,0,1
"264","Z05A57",5,"speak","hindi/english little marwadi","","english hindi marwari",0,1,1,0,0,0,0,0,1,0,0,0,0,0,0,0,0,0,3
"265","Z05A57",5,"understand","gujarati","","gujarati",1,0,0,0,0,0,0,0,0,0,0,0,0,0,0,0,0,0,1
"266","Z05A60",5,"friends_language","gujarati hindi",NA,"gujarati hindi",1,1,0,0,0,0,0,0,0,0,0,0,0,0,0,0,0,0,2
"267","Z05A60",5,"home_language","marathi gujarati",NA,"gujarati marathi",1,0,0,1,0,0,0,0,0,0,0,0,0,0,0,0,0,0,2
"268","Z05A60",5,"mother_tongue","marathi",NA,"marathi",0,0,0,1,0,0,0,0,0,0,0,0,0,0,0,0,0,0,1
"269","Z05A60",5,"speak","hindi gujarati marathi english","","english gujarati hindi marathi",1,1,1,1,0,0,0,0,0,0,0,0,0,0,0,0,0,0,4
"270","Z05A60",5,"understand","rajasthani","","rajasthani",0,0,0,0,0,0,0,0,0,0,0,0,0,1,0,0,0,0,1
"271","Z05B03",5,"home_language","marathi",NA,"marathi",0,0,0,1,0,0,0,0,0,0,0,0,0,0,0,0,0,0,1
"272","Z05B03",5,"mother_tongue","marathi",NA,"marathi",0,0,0,1,0,0,0,0,0,0,0,0,0,0,0,0,0,0,1
"273","Z05B04",5,"home_language","marathi",NA,"marathi",0,0,0,1,0,0,0,0,0,0,0,0,0,0,0,0,0,0,1
"274","Z05B04",5,"mother_tongue","marathi",NA,"marathi",0,0,0,1,0,0,0,0,0,0,0,0,0,0,0,0,0,0,1
"275","Z05B05",5,"friends_language","hindi",NA,"hindi",0,1,0,0,0,0,0,0,0,0,0,0,0,0,0,0,0,0,1
"276","Z05B05",5,"home_language","hindi",NA,"hindi",0,1,0,0,0,0,0,0,0,0,0,0,0,0,0,0,0,0,1
"277","Z05B05",5,"lang home and friends","hindi",NA,"hindi",0,1,0,0,0,0,0,0,0,0,0,0,0,0,0,0,0,0,1
"278","Z05B05",5,"lang1","hindi","from start","hindi",0,1,0,0,0,0,0,0,0,0,0,0,0,0,0,0,0,0,1
"279","Z05B05",5,"lang2","english","from teacher","english",0,0,1,0,0,0,0,0,0,0,0,0,0,0,0,0,0,0,1
"280","Z05B05",5,"lang3","gujarati","from teacher","gujarati",1,0,0,0,0,0,0,0,0,0,0,0,0,0,0,0,0,0,1
"281","Z05B05",5,"mother_tongue","hindi",NA,"hindi",0,1,0,0,0,0,0,0,0,0,0,0,0,0,0,0,0,0,1
"282","Z05B05",5,"speak","hindi english",NA,"english hindi",0,1,1,0,0,0,0,0,0,0,0,0,0,0,0,0,0,0,2
"283","Z05B05",5,"understand","gujarati",NA,"gujarati",1,0,0,0,0,0,0,0,0,0,0,0,0,0,0,0,0,0,1
"284","Z05B11",5,"friends_language","gujarati",NA,"gujarati",1,0,0,0,0,0,0,0,0,0,0,0,0,0,0,0,0,0,1
"285","Z05B11",5,"home_language","gujarati english",NA,"english gujarati",1,0,1,0,0,0,0,0,0,0,0,0,0,0,0,0,0,0,2
"286","Z05B11",5,"lang home and friends","gujarati english",NA,"english gujarati",1,0,1,0,0,0,0,0,0,0,0,0,0,0,0,0,0,0,2
"287","Z05B11",5,"lang1","marathi","my kaki","marathi",0,0,0,1,0,0,0,0,0,0,0,0,0,0,0,0,0,0,1
"288","Z05B11",5,"lang2","gujarati","my mother, father, grandparents","gujarati",1,0,0,0,0,0,0,0,0,0,0,0,0,0,0,0,0,0,1
"289","Z05B11",5,"lang3","hindi","my teacher and classmate","hindi",0,1,0,0,0,0,0,0,0,0,0,0,0,0,0,0,0,0,1
"290","Z05B11",5,"lang4","english","my teacher","english",0,0,1,0,0,0,0,0,0,0,0,0,0,0,0,0,0,0,1
"291","Z05B11",5,"mother_tongue","gujarati",NA,"gujarati",1,0,0,0,0,0,0,0,0,0,0,0,0,0,0,0,0,0,1
"292","Z05B11",5,"speak","gujarati hindi english",NA,"english gujarati hindi",1,1,1,0,0,0,0,0,0,0,0,0,0,0,0,0,0,0,3
"293","Z05B11",5,"understand","marathi",NA,"marathi",0,0,0,1,0,0,0,0,0,0,0,0,0,0,0,0,0,0,1
"294","Z05B12",5,"friends_language","gujarati hindi",NA,"gujarati hindi",1,1,0,0,0,0,0,0,0,0,0,0,0,0,0,0,0,0,2
"295","Z05B12",5,"home_language","gujarati english hindi",NA,"english gujarati hindi",1,1,1,0,0,0,0,0,0,0,0,0,0,0,0,0,0,0,3
"296","Z05B12",5,"lang home and friends","gujarati english hindi",NA,"english gujarati hindi",1,1,1,0,0,0,0,0,0,0,0,0,0,0,0,0,0,0,3
"297","Z05B12",5,"lang1","urdu","","urdu",0,0,0,0,1,0,0,0,0,0,0,0,0,0,0,0,0,0,1
"298","Z05B12",5,"lang2","english","from teacher, brother, sister","english",0,0,1,0,0,0,0,0,0,0,0,0,0,0,0,0,0,0,1
"299","Z05B12",5,"lang3","hindi","from mother, father, teacher","hindi",0,1,0,0,0,0,0,0,0,0,0,0,0,0,0,0,0,0,1
"300","Z05B12",5,"lang4","gujarati","mother, father, and teacher","gujarati",1,0,0,0,0,0,0,0,0,0,0,0,0,0,0,0,0,0,1
"301","Z05B12",5,"mother_tongue","hindi gujarati",NA,"gujarati hindi",1,1,0,0,0,0,0,0,0,0,0,0,0,0,0,0,0,0,2
"302","Z05B12",5,"speak","urdu english hindi gujarati",NA,"english gujarati hindi urdu",1,1,1,0,1,0,0,0,0,0,0,0,0,0,0,0,0,0,4
"303","Z05B12",5,"understand","marathi punjabi",NA,"marathi punjabi",0,0,0,1,0,0,1,0,0,0,0,0,0,0,0,0,0,0,2
"304","Z05B16",5,"home_language","hindi",NA,"hindi",0,1,0,0,0,0,0,0,0,0,0,0,0,0,0,0,0,0,1
"305","Z05B16",5,"mother_tongue","hindi",NA,"hindi",0,1,0,0,0,0,0,0,0,0,0,0,0,0,0,0,0,0,1
"306","Z05B17",5,"friends_language","hindi gujarati",NA,"gujarati hindi",1,1,0,0,0,0,0,0,0,0,0,0,0,0,0,0,0,0,2
"307","Z05B17",5,"home_language","gujarati hindi english",NA,"english gujarati hindi",1,1,1,0,0,0,0,0,0,0,0,0,0,0,0,0,0,0,3
"308","Z05B17",5,"lang home and friends","gujarati hindi english",NA,"english gujarati hindi",1,1,1,0,0,0,0,0,0,0,0,0,0,0,0,0,0,0,3
"309","Z05B17",5,"lang1","gujarati","from start","gujarati",1,0,0,0,0,0,0,0,0,0,0,0,0,0,0,0,0,0,1
"310","Z05B17",5,"lang2","marathi","by my father","marathi",0,0,0,1,0,0,0,0,0,0,0,0,0,0,0,0,0,0,1
"311","Z05B17",5,"lang3","hindi","from start","hindi",0,1,0,0,0,0,0,0,0,0,0,0,0,0,0,0,0,0,1
"312","Z05B17",5,"lang4","english","from start","english",0,0,1,0,0,0,0,0,0,0,0,0,0,0,0,0,0,0,1
"313","Z05B17",5,"mother_tongue","gujarati",NA,"gujarati",1,0,0,0,0,0,0,0,0,0,0,0,0,0,0,0,0,0,1
"314","Z05B17",5,"speak","gujarati hindi english",NA,"english gujarati hindi",1,1,1,0,0,0,0,0,0,0,0,0,0,0,0,0,0,0,3
"315","Z05B17",5,"understand","marathi",NA,"marathi",0,0,0,1,0,0,0,0,0,0,0,0,0,0,0,0,0,0,1
"316","Z05B19",5,"friends_language","english gujarati",NA,"english gujarati",1,0,1,0,0,0,0,0,0,0,0,0,0,0,0,0,0,0,2
"317","Z05B19",5,"home_language","gujarati english hindi",NA,"english gujarati hindi",1,1,1,0,0,0,0,0,0,0,0,0,0,0,0,0,0,0,3
"318","Z05B19",5,"lang home and friends","gujarati english hindi",NA,"english gujarati hindi",1,1,1,0,0,0,0,0,0,0,0,0,0,0,0,0,0,0,3
"319","Z05B19",5,"lang1","gujarati","from start","gujarati",1,0,0,0,0,0,0,0,0,0,0,0,0,0,0,0,0,0,1
"320","Z05B19",5,"lang2","english","from parents","english",0,0,1,0,0,0,0,0,0,0,0,0,0,0,0,0,0,0,1
"321","Z05B19",5,"lang3","hindi","from brother","hindi",0,1,0,0,0,0,0,0,0,0,0,0,0,0,0,0,0,0,1
"322","Z05B19",5,"lang4","marathi","from my friend","marathi",0,0,0,1,0,0,0,0,0,0,0,0,0,0,0,0,0,0,1
"323","Z05B19",5,"mother_tongue","gujarati",NA,"gujarati",1,0,0,0,0,0,0,0,0,0,0,0,0,0,0,0,0,0,1
"324","Z05B19",5,"speak","gujarati hindi english",NA,"english gujarati hindi",1,1,1,0,0,0,0,0,0,0,0,0,0,0,0,0,0,0,3
"325","Z05B19",5,"understand","marathi",NA,"marathi",0,0,0,1,0,0,0,0,0,0,0,0,0,0,0,0,0,0,1
"326","Z05B20",5,"friends_language","hindi",NA,"hindi",0,1,0,0,0,0,0,0,0,0,0,0,0,0,0,0,0,0,1
"327","Z05B20",5,"home_language","hindi",NA,"hindi",0,1,0,0,0,0,0,0,0,0,0,0,0,0,0,0,0,0,1
"328","Z05B20",5,"lang home and friends","hindi",NA,"hindi",0,1,0,0,0,0,0,0,0,0,0,0,0,0,0,0,0,0,1
"329","Z05B20",5,"lang1","hindi","from mother","hindi",0,1,0,0,0,0,0,0,0,0,0,0,0,0,0,0,0,0,1
"330","Z05B20",5,"lang2","gujarati","from mother","gujarati",1,0,0,0,0,0,0,0,0,0,0,0,0,0,0,0,0,0,1
"331","Z05B20",5,"lang3","urdu","from saint","urdu",0,0,0,0,1,0,0,0,0,0,0,0,0,0,0,0,0,0,1
"332","Z05B20",5,"lang4","english","from teachers","english",0,0,1,0,0,0,0,0,0,0,0,0,0,0,0,0,0,0,1
"333","Z05B20",5,"mother_tongue","hindi",NA,"hindi",0,1,0,0,0,0,0,0,0,0,0,0,0,0,0,0,0,0,1
"334","Z05B20",5,"speak","hindi gujarati",NA,"gujarati hindi",1,1,0,0,0,0,0,0,0,0,0,0,0,0,0,0,0,0,2
"335","Z05B20",5,"understand","urdu english",NA,"english urdu",0,0,1,0,1,0,0,0,0,0,0,0,0,0,0,0,0,0,2
"336","Z05B32",5,"mother_tongue","hindi",NA,"hindi",0,1,0,0,0,0,0,0,0,0,0,0,0,0,0,0,0,0,1
"337","Z05B44",5,"friends_language","gujarati hindi",NA,"gujarati hindi",1,1,0,0,0,0,0,0,0,0,0,0,0,0,0,0,0,0,2
"338","Z05B44",5,"home_language","gujarati",NA,"gujarati",1,0,0,0,0,0,0,0,0,0,0,0,0,0,0,0,0,0,1
"339","Z05B44",5,"mother_tongue","gujarati",NA,"gujarati",1,0,0,0,0,0,0,0,0,0,0,0,0,0,0,0,0,0,1
"340","Z05B46",5,"home_language","gujarati marathi",NA,"gujarati marathi",1,0,0,1,0,0,0,0,0,0,0,0,0,0,0,0,0,0,2
"341","Z05B47",5,"home_language","hindi",NA,"hindi",0,1,0,0,0,0,0,0,0,0,0,0,0,0,0,0,0,0,1
"342","Z05B47",5,"mother_tongue","hindi",NA,"hindi",0,1,0,0,0,0,0,0,0,0,0,0,0,0,0,0,0,0,1
"343","Z05B48",5,"home_language","gujarati marathi",NA,"gujarati marathi",1,0,0,1,0,0,0,0,0,0,0,0,0,0,0,0,0,0,2
"344","Z05B49",5,"mother_tongue","marathi",NA,"marathi",0,0,0,1,0,0,0,0,0,0,0,0,0,0,0,0,0,0,1
"345","Z05B50",5,"home_language","marathi",NA,"marathi",0,0,0,1,0,0,0,0,0,0,0,0,0,0,0,0,0,0,1
"346","Z05B50",5,"mother_tongue","marathi",NA,"marathi",0,0,0,1,0,0,0,0,0,0,0,0,0,0,0,0,0,0,1
"347","Z05B55",5,"friends_language","hindi english",NA,"english hindi",0,1,1,0,0,0,0,0,0,0,0,0,0,0,0,0,0,0,2
"348","Z05B55",5,"home_language","gujarati english",NA,"english gujarati",1,0,1,0,0,0,0,0,0,0,0,0,0,0,0,0,0,0,2
"349","Z05B55",5,"lang home and friends","gujarati englishi hindi",NA,"english gujarati hindi",1,1,1,0,0,0,0,0,0,0,0,0,0,0,0,0,0,0,3
"350","Z05B55",5,"lang1","english","from teachers and Youtube","english",0,0,1,0,0,0,0,0,0,0,0,0,0,0,0,0,0,0,1
"351","Z05B55",5,"lang2","hindi","from start","hindi",0,1,0,0,0,0,0,0,0,0,0,0,0,0,0,0,0,0,1
"352","Z05B55",5,"lang3","gujarati","by parents","gujarati",1,0,0,0,0,0,0,0,0,0,0,0,0,0,0,0,0,0,1
"353","Z05B55",5,"mother_tongue","gujarati",NA,"gujarati",1,0,0,0,0,0,0,0,0,0,0,0,0,0,0,0,0,0,1
"354","Z05B55",5,"speak","english hindi gujarati",NA,"english gujarati hindi",1,1,1,0,0,0,0,0,0,0,0,0,0,0,0,0,0,0,3
"355","Z05B56",5,"friends_language","hindi gujarati english",NA,"english gujarati hindi",1,1,1,0,0,0,0,0,0,0,0,0,0,0,0,0,0,0,3
"356","Z05B56",5,"home_language","hindi urdu",NA,"hindi urdu",0,1,0,0,1,0,0,0,0,0,0,0,0,0,0,0,0,0,2
"357","Z05B56",5,"lang home and friends","hindi urdu gujarati english",NA,"english gujarati hindi urdu",1,1,1,0,1,0,0,0,0,0,0,0,0,0,0,0,0,0,4
"358","Z05B56",5,"lang1","english","from school and parents","english",0,0,1,0,0,0,0,0,0,0,0,0,0,0,0,0,0,0,1
"359","Z05B56",5,"lang2","hindi","from start","hindi",0,1,0,0,0,0,0,0,0,0,0,0,0,0,0,0,0,0,1
"360","Z05B56",5,"lang3","urdu","from start","urdu",0,0,0,0,1,0,0,0,0,0,0,0,0,0,0,0,0,0,1
"361","Z05B56",5,"lang4","marathi","frm friend","marathi",0,0,0,1,0,0,0,0,0,0,0,0,0,0,0,0,0,0,1
"362","Z05B56",5,"lang5","gujarati","from neighbourhood","gujarati",1,0,0,0,0,0,0,0,0,0,0,0,0,0,0,0,0,0,1
"363","Z05B56",5,"mother_tongue","hindi urdu",NA,"hindi urdu",0,1,0,0,1,0,0,0,0,0,0,0,0,0,0,0,0,0,2
"364","Z05B56",5,"speak","english hindi gujarati urdu",NA,"english gujarati hindi urdu",1,1,1,0,1,0,0,0,0,0,0,0,0,0,0,0,0,0,4
"365","Z05B56",5,"understand","tamil marathi",NA,"marathi tamil",0,0,0,1,0,0,0,0,0,0,0,0,1,0,0,0,0,0,2
"366","Z05B62",5,"friends_language","gujarati hindi",NA,"gujarati hindi",1,1,0,0,0,0,0,0,0,0,0,0,0,0,0,0,0,0,2
"367","Z05B62",5,"home_language","marathi",NA,"marathi",0,0,0,1,0,0,0,0,0,0,0,0,0,0,0,0,0,0,1
"368","Z05B62",5,"lang home and friends","marathi gujarati hindi",NA,"gujarati hindi marathi",1,1,0,1,0,0,0,0,0,0,0,0,0,0,0,0,0,0,3
"369","Z05B62",5,"lang1","hindi","from start","hindi",0,1,0,0,0,0,0,0,0,0,0,0,0,0,0,0,0,0,1
"370","Z05B62",5,"lang2","gujarati","by sister","gujarati",1,0,0,0,0,0,0,0,0,0,0,0,0,0,0,0,0,0,1
"371","Z05B62",5,"lang3","marathi","from start","marathi",0,0,0,1,0,0,0,0,0,0,0,0,0,0,0,0,0,0,1
"372","Z05B62",5,"lang4","english","from teacher","english",0,0,1,0,0,0,0,0,0,0,0,0,0,0,0,0,0,0,1
"373","Z05B62",5,"mother_tongue","marathi",NA,"marathi",0,0,0,1,0,0,0,0,0,0,0,0,0,0,0,0,0,0,1
"374","Z05B62",5,"speak","english hindi gujarati marathi",NA,"english gujarati hindi marathi",1,1,1,1,0,0,0,0,0,0,0,0,0,0,0,0,0,0,4
"375","Z05C03",5,"friends_language","marathi gujarati",NA,"gujarati marathi",1,0,0,1,0,0,0,0,0,0,0,0,0,0,0,0,0,0,2
"376","Z05C03",5,"home_language","marathi",NA,"marathi",0,0,0,1,0,0,0,0,0,0,0,0,0,0,0,0,0,0,1
"377","Z05C03",5,"mother_tongue","marathi",NA,"marathi",0,0,0,1,0,0,0,0,0,0,0,0,0,0,0,0,0,0,1
"378","Z05C03",5,"speak","hindi gujarati english marathi","","english gujarati hindi marathi",1,1,1,1,0,0,0,0,0,0,0,0,0,0,0,0,0,0,4
"379","Z05C04",5,"friends_language","hindi english marathi",NA,"english hindi marathi",0,1,1,1,0,0,0,0,0,0,0,0,0,0,0,0,0,0,3
"380","Z05C04",5,"home_language","marathi",NA,"marathi",0,0,0,1,0,0,0,0,0,0,0,0,0,0,0,0,0,0,1
"381","Z05C04",5,"lang home and friends","marathi hindi english",NA,"english hindi marathi",0,1,1,1,0,0,0,0,0,0,0,0,0,0,0,0,0,0,3
"382","Z05C04",5,"lang1","marathi","from parents","marathi",0,0,0,1,0,0,0,0,0,0,0,0,0,0,0,0,0,0,1
"383","Z05C04",5,"lang2","english","from teachers","english",0,0,1,0,0,0,0,0,0,0,0,0,0,0,0,0,0,0,1
"384","Z05C04",5,"lang3","gujarati","from friends","gujarati",1,0,0,0,0,0,0,0,0,0,0,0,0,0,0,0,0,0,1
"385","Z05C04",5,"lang4","hindi"," from teacher","hindi",0,1,0,0,0,0,0,0,0,0,0,0,0,0,0,0,0,0,1
"386","Z05C04",5,"mother_tongue","marathi",NA,"marathi",0,0,0,1,0,0,0,0,0,0,0,0,0,0,0,0,0,0,1
"387","Z05C04",5,"speak","english marathi gujarati hindi",NA,"english gujarati hindi marathi",1,1,1,1,0,0,0,0,0,0,0,0,0,0,0,0,0,0,4
"388","Z05C06",5,"friends_language","hindi gujarati",NA,"gujarati hindi",1,1,0,0,0,0,0,0,0,0,0,0,0,0,0,0,0,0,2
"389","Z05C06",5,"home_language","gujarati",NA,"gujarati",1,0,0,0,0,0,0,0,0,0,0,0,0,0,0,0,0,0,1
"390","Z05C06",5,"lang home and friends","gujarati hindi",NA,"gujarati hindi",1,1,0,0,0,0,0,0,0,0,0,0,0,0,0,0,0,0,2
"391","Z05C06",5,"lang1","english","from teacher","english",0,0,1,0,0,0,0,0,0,0,0,0,0,0,0,0,0,0,1
"392","Z05C06",5,"lang2","hindi","from teacher","hindi",0,1,0,0,0,0,0,0,0,0,0,0,0,0,0,0,0,0,1
"393","Z05C06",5,"lang3","gujarati","from start","gujarati",1,0,0,0,0,0,0,0,0,0,0,0,0,0,0,0,0,0,1
"394","Z05C06",5,"mother_tongue","gujarati",NA,"gujarati",1,0,0,0,0,0,0,0,0,0,0,0,0,0,0,0,0,0,1
"395","Z05C06",5,"speak","gujarati hindi",NA,"gujarati hindi",1,1,0,0,0,0,0,0,0,0,0,0,0,0,0,0,0,0,2
"396","Z05C07",5,"friends_language","hindi gujarati",NA,"gujarati hindi",1,1,0,0,0,0,0,0,0,0,0,0,0,0,0,0,0,0,2
"397","Z05C07",5,"home_language","gujarati",NA,"gujarati",1,0,0,0,0,0,0,0,0,0,0,0,0,0,0,0,0,0,1
"398","Z05C07",5,"mother_tongue","gujarati",NA,"gujarati",1,0,0,0,0,0,0,0,0,0,0,0,0,0,0,0,0,0,1
"399","Z05C07",5,"speak","hindi gujarati english","","english gujarati hindi",1,1,1,0,0,0,0,0,0,0,0,0,0,0,0,0,0,0,3
"400","Z05C09",5,"friends_language","hindi",NA,"hindi",0,1,0,0,0,0,0,0,0,0,0,0,0,0,0,0,0,0,1
"401","Z05C09",5,"home_language","marathi",NA,"marathi",0,0,0,1,0,0,0,0,0,0,0,0,0,0,0,0,0,0,1
"402","Z05C09",5,"lang home and friends","marathi hindi",NA,"hindi marathi",0,1,0,1,0,0,0,0,0,0,0,0,0,0,0,0,0,0,2
"403","Z05C09",5,"lang1","marathi","from start","marathi",0,0,0,1,0,0,0,0,0,0,0,0,0,0,0,0,0,0,1
"404","Z05C09",5,"lang2","gujarati","from friends","gujarati",1,0,0,0,0,0,0,0,0,0,0,0,0,0,0,0,0,0,1
"405","Z05C09",5,"lang3","hindi","from friends","hindi",0,1,0,0,0,0,0,0,0,0,0,0,0,0,0,0,0,0,1
"406","Z05C09",5,"lang4","english","from teachers","english",0,0,1,0,0,0,0,0,0,0,0,0,0,0,0,0,0,0,1
"407","Z05C09",5,"mother_tongue","marathi",NA,"marathi",0,0,0,1,0,0,0,0,0,0,0,0,0,0,0,0,0,0,1
"408","Z05C09",5,"speak","marathi gujarati hindi english",NA,"english gujarati hindi marathi",1,1,1,1,0,0,0,0,0,0,0,0,0,0,0,0,0,0,4
"409","Z05C10",5,"friends_language","hindi gujarati",NA,"gujarati hindi",1,1,0,0,0,0,0,0,0,0,0,0,0,0,0,0,0,0,2
"410","Z05C10",5,"home_language","gujarati",NA,"gujarati",1,0,0,0,0,0,0,0,0,0,0,0,0,0,0,0,0,0,1
"411","Z05C10",5,"lang home and friends","gujarati hindi",NA,"gujarati hindi",1,1,0,0,0,0,0,0,0,0,0,0,0,0,0,0,0,0,2
"412","Z05C10",5,"lang1","english","school","english",0,0,1,0,0,0,0,0,0,0,0,0,0,0,0,0,0,0,1
"413","Z05C10",5,"lang2","gujarati","family","gujarati",1,0,0,0,0,0,0,0,0,0,0,0,0,0,0,0,0,0,1
"414","Z05C10",5,"lang3","hindi","family","hindi",0,1,0,0,0,0,0,0,0,0,0,0,0,0,0,0,0,0,1
"415","Z05C10",5,"mother_tongue","gujarati hindi english",NA,"english gujarati hindi",1,1,1,0,0,0,0,0,0,0,0,0,0,0,0,0,0,0,3
"416","Z05C10",5,"speak","guajrati",NA,"gujarati",1,0,0,0,0,0,0,0,0,0,0,0,0,0,0,0,0,0,1
"417","Z05C44",5,"friends_language","hind english gujarati",NA,"english gujarati hindi",1,1,1,0,0,0,0,0,0,0,0,0,0,0,0,0,0,0,3
"418","Z05C44",5,"home_language","hindi english gujarati",NA,"english gujarati hindi",1,1,1,0,0,0,0,0,0,0,0,0,0,0,0,0,0,0,3
"419","Z05C44",5,"lang home and friends","hindi english gujarati",NA,"english gujarati hindi",1,1,1,0,0,0,0,0,0,0,0,0,0,0,0,0,0,0,3
"420","Z05C44",5,"lang1","english","schools and teachers","english",0,0,1,0,0,0,0,0,0,0,0,0,0,0,0,0,0,0,1
"421","Z05C44",5,"lang2","hindi","from start","hindi",0,1,0,0,0,0,0,0,0,0,0,0,0,0,0,0,0,0,1
"422","Z05C44",5,"lang3","gujarati","because of dad","gujarati",1,0,0,0,0,0,0,0,0,0,0,0,0,0,0,0,0,0,1
"423","Z05C44",5,"lang4","marathi","neighbours","marathi",0,0,0,1,0,0,0,0,0,0,0,0,0,0,0,0,0,0,1
"424","Z05C44",5,"lang5","punjabi","neighbours","punjabi",0,0,0,0,0,0,1,0,0,0,0,0,0,0,0,0,0,0,1
"425","Z05C44",5,"mother_tongue","hindi",NA,"hindi",0,1,0,0,0,0,0,0,0,0,0,0,0,0,0,0,0,0,1
"426","Z05C44",5,"speak","english hindi gujarati",NA,"english gujarati hindi",1,1,1,0,0,0,0,0,0,0,0,0,0,0,0,0,0,0,3
"427","Z05C44",5,"understand","punjabi marathi",NA,"marathi punjabi",0,0,0,1,0,0,1,0,0,0,0,0,0,0,0,0,0,0,2
"428","Z05C45",5,"friends_language","hindi",NA,"hindi",0,1,0,0,0,0,0,0,0,0,0,0,0,0,0,0,0,0,1
"429","Z05C45",5,"home_language","gujarati",NA,"gujarati",1,0,0,0,0,0,0,0,0,0,0,0,0,0,0,0,0,0,1
"430","Z05C45",5,"lang home and friends","gujarati hindi",NA,"gujarati hindi",1,1,0,0,0,0,0,0,0,0,0,0,0,0,0,0,0,0,2
"431","Z05C45",5,"lang1","hindi","from teacher","hindi",0,1,0,0,0,0,0,0,0,0,0,0,0,0,0,0,0,0,1
"432","Z05C45",5,"lang2","english","from teacher","english",0,0,1,0,0,0,0,0,0,0,0,0,0,0,0,0,0,0,1
"433","Z05C45",5,"lang3","gujarati","from beginning","gujarati",1,0,0,0,0,0,0,0,0,0,0,0,0,0,0,0,0,0,1
"434","Z05C45",5,"mother_tongue","gujarati",NA,"gujarati",1,0,0,0,0,0,0,0,0,0,0,0,0,0,0,0,0,0,1
"435","Z05C45",5,"speak","hindi english gujarati",NA,"english gujarati hindi",1,1,1,0,0,0,0,0,0,0,0,0,0,0,0,0,0,0,3
"436","Z05C46",5,"friends_language","hindi english",NA,"english hindi",0,1,1,0,0,0,0,0,0,0,0,0,0,0,0,0,0,0,2
"437","Z05C46",5,"home_language","hindi english",NA,"english hindi",0,1,1,0,0,0,0,0,0,0,0,0,0,0,0,0,0,0,2
"438","Z05C46",5,"lang home and friends","hindi english",NA,"english hindi",0,1,1,0,0,0,0,0,0,0,0,0,0,0,0,0,0,0,2
"439","Z05C46",5,"lang1","hindi","from beginning","hindi",0,1,0,0,0,0,0,0,0,0,0,0,0,0,0,0,0,0,1
"440","Z05C46",5,"lang2","english","brother","english",0,0,1,0,0,0,0,0,0,0,0,0,0,0,0,0,0,0,1
"441","Z05C46",5,"lang3","gujarati","mom","gujarati",1,0,0,0,0,0,0,0,0,0,0,0,0,0,0,0,0,0,1
"442","Z05C46",5,"mother_tongue","hindi",NA,"hindi",0,1,0,0,0,0,0,0,0,0,0,0,0,0,0,0,0,0,1
"443","Z05C46",5,"speak","hindi english",NA,"english hindi",0,1,1,0,0,0,0,0,0,0,0,0,0,0,0,0,0,0,2
"444","Z05C46",5,"understand","gujarati",NA,"gujarati",1,0,0,0,0,0,0,0,0,0,0,0,0,0,0,0,0,0,1
"445","Z05C48",5,"friends_language","english hindi",NA,"english hindi",0,1,1,0,0,0,0,0,0,0,0,0,0,0,0,0,0,0,2
"446","Z05C48",5,"home_language","hindi",NA,"hindi",0,1,0,0,0,0,0,0,0,0,0,0,0,0,0,0,0,0,1
"447","Z05C48",5,"lang home and friends","hindi english",NA,"english hindi",0,1,1,0,0,0,0,0,0,0,0,0,0,0,0,0,0,0,2
"448","Z05C48",5,"lang1","hindi","from start","hindi",0,1,0,0,0,0,0,0,0,0,0,0,0,0,0,0,0,0,1
"449","Z05C48",5,"lang2","english","from sister, brother","english",0,0,1,0,0,0,0,0,0,0,0,0,0,0,0,0,0,0,1
"450","Z05C48",5,"mother_tongue","gujarati",NA,"gujarati",1,0,0,0,0,0,0,0,0,0,0,0,0,0,0,0,0,0,1
"451","Z05C48",5,"speak","hindi english",NA,"english hindi",0,1,1,0,0,0,0,0,0,0,0,0,0,0,0,0,0,0,2
"452","Z05C48",5,"understand","gujarati",NA,"gujarati",1,0,0,0,0,0,0,0,0,0,0,0,0,0,0,0,0,0,1
"453","Z05C49",5,"friends_language","marathi hindi gujarati",NA,"gujarati hindi marathi",1,1,0,1,0,0,0,0,0,0,0,0,0,0,0,0,0,0,3
"454","Z05C49",5,"home_language","marathi",NA,"marathi",0,0,0,1,0,0,0,0,0,0,0,0,0,0,0,0,0,0,1
"455","Z05C49",5,"lang home and friends","marathi gujarati hindi",NA,"gujarati hindi marathi",1,1,0,1,0,0,0,0,0,0,0,0,0,0,0,0,0,0,3
"456","Z05C49",5,"lang1","marathi","from start","marathi",0,0,0,1,0,0,0,0,0,0,0,0,0,0,0,0,0,0,1
"457","Z05C49",5,"lang2","gujarati","from neighbours","gujarati",1,0,0,0,0,0,0,0,0,0,0,0,0,0,0,0,0,0,1
"458","Z05C49",5,"lang3","hindi","from neighbours","hindi",0,1,0,0,0,0,0,0,0,0,0,0,0,0,0,0,0,0,1
"459","Z05C49",5,"lang4","urdu","from neighbours","urdu",0,0,0,0,1,0,0,0,0,0,0,0,0,0,0,0,0,0,1
"460","Z05C49",5,"lang5","tamil","from friends","tamil",0,0,0,0,0,0,0,0,0,0,0,0,1,0,0,0,0,0,1
"461","Z05C49",5,"mother_tongue","marathi",NA,"marathi",0,0,0,1,0,0,0,0,0,0,0,0,0,0,0,0,0,0,1
"462","Z05C49",5,"speak","gujarati hindi english marathi",NA,"english gujarati hindi marathi",1,1,1,1,0,0,0,0,0,0,0,0,0,0,0,0,0,0,4
"463","Z05C49",5,"understand","punjabi",NA,"punjabi",0,0,0,0,0,0,1,0,0,0,0,0,0,0,0,0,0,0,1
"464","Z05C50",5,"friends_language","gujarati hindi",NA,"gujarati hindi",1,1,0,0,0,0,0,0,0,0,0,0,0,0,0,0,0,0,2
"465","Z05C50",5,"home_language","gujarati",NA,"gujarati",1,0,0,0,0,0,0,0,0,0,0,0,0,0,0,0,0,0,1
"466","Z05C50",5,"lang home and friends","gujarati hindi",NA,"gujarati hindi",1,1,0,0,0,0,0,0,0,0,0,0,0,0,0,0,0,0,2
"467","Z05C50",5,"lang1","hindi","from beginning","hindi",0,1,0,0,0,0,0,0,0,0,0,0,0,0,0,0,0,0,1
"468","Z05C50",5,"lang2","gujarati","from beginning","gujarati",1,0,0,0,0,0,0,0,0,0,0,0,0,0,0,0,0,0,1
"469","Z05C50",5,"lang3","english","from teacher","english",0,0,1,0,0,0,0,0,0,0,0,0,0,0,0,0,0,0,1
"470","Z05C50",5,"mother_tongue","gujarati",NA,"gujarati",1,0,0,0,0,0,0,0,0,0,0,0,0,0,0,0,0,0,1
"471","Z05C50",5,"speak","gujarati hindi english",NA,"english gujarati hindi",1,1,1,0,0,0,0,0,0,0,0,0,0,0,0,0,0,0,3
"472","Z05C51",5,"friends_language","hindi english",NA,"english hindi",0,1,1,0,0,0,0,0,0,0,0,0,0,0,0,0,0,0,2
"473","Z05C51",5,"home_language","hindi",NA,"hindi",0,1,0,0,0,0,0,0,0,0,0,0,0,0,0,0,0,0,1
"474","Z05C51",5,"mother_tongue","hindi",NA,"hindi",0,1,0,0,0,0,0,0,0,0,0,0,0,0,0,0,0,0,1
"475","Z05C51",5,"speak","hindi english","","english hindi",0,1,1,0,0,0,0,0,0,0,0,0,0,0,0,0,0,0,2
"476","Z05C51",5,"understand","gujarati","","gujarati",1,0,0,0,0,0,0,0,0,0,0,0,0,0,0,0,0,0,1
"477","Z05C56",5,"friends_language","hindi",NA,"hindi",0,1,0,0,0,0,0,0,0,0,0,0,0,0,0,0,0,0,1
"478","Z05C56",5,"home_language","hindi",NA,"hindi",0,1,0,0,0,0,0,0,0,0,0,0,0,0,0,0,0,0,1
"479","Z05C56",5,"lang home and friends","hindi",NA,"hindi",0,1,0,0,0,0,0,0,0,0,0,0,0,0,0,0,0,0,1
"480","Z05C56",5,"lang1","english","from start","english",0,0,1,0,0,0,0,0,0,0,0,0,0,0,0,0,0,0,1
"481","Z05C56",5,"lang2","hindi","from start","hindi",0,1,0,0,0,0,0,0,0,0,0,0,0,0,0,0,0,0,1
"482","Z05C56",5,"lang3","gujarati","from start","gujarati",1,0,0,0,0,0,0,0,0,0,0,0,0,0,0,0,0,0,1
"483","Z05C56",5,"mother_tongue","hindi",NA,"hindi",0,1,0,0,0,0,0,0,0,0,0,0,0,0,0,0,0,0,1
"484","Z05C56",5,"speak","english hindi gujarati",NA,"english gujarati hindi",1,1,1,0,0,0,0,0,0,0,0,0,0,0,0,0,0,0,3
"485","Z07A01",7,"friends_language","hindi marathi gujarati",NA,"gujarati hindi marathi",1,1,0,1,0,0,0,0,0,0,0,0,0,0,0,0,0,0,3
"486","Z07A01",7,"home_language","marathi",NA,"marathi",0,0,0,1,0,0,0,0,0,0,0,0,0,0,0,0,0,0,1
"487","Z07A01",7,"lang home and friends","marathi hindi gujarati",NA,"gujarati hindi marathi",1,1,0,1,0,0,0,0,0,0,0,0,0,0,0,0,0,0,3
"488","Z07A01",7,"lang1","marathi","by parents","marathi",0,0,0,1,0,0,0,0,0,0,0,0,0,0,0,0,0,0,1
"489","Z07A01",7,"lang2","hindi","by friends","hindi",0,1,0,0,0,0,0,0,0,0,0,0,0,0,0,0,0,0,1
"490","Z07A01",7,"lang3","gujarati","by society","gujarati",1,0,0,0,0,0,0,0,0,0,0,0,0,0,0,0,0,0,1
"491","Z07A01",7,"lang4","english","school","english",0,0,1,0,0,0,0,0,0,0,0,0,0,0,0,0,0,0,1
"492","Z07A01",7,"lang5","french","classes","french",0,0,0,0,0,0,0,0,0,0,0,0,0,0,0,0,0,1,1
"493","Z07A01",7,"mother_tongue","marathi",NA,"marathi",0,0,0,1,0,0,0,0,0,0,0,0,0,0,0,0,0,0,1
"494","Z07A01",7,"speak","hindi gujarati marathi english",NA,"english gujarati hindi marathi",1,1,1,1,0,0,0,0,0,0,0,0,0,0,0,0,0,0,4
"495","Z07A01",7,"understand","french",NA,"french",0,0,0,0,0,0,0,0,0,0,0,0,0,0,0,0,0,1,1
"496","Z07A02",7,"friends_language","gujarati hindi",NA,"gujarati hindi",1,1,0,0,0,0,0,0,0,0,0,0,0,0,0,0,0,0,2
"497","Z07A02",7,"home_language","hindi sindhi",NA,"hindi sindhi",0,1,0,0,0,1,0,0,0,0,0,0,0,0,0,0,0,0,2
"498","Z07A02",7,"lang home and friends","hindi sindhi gujarati",NA,"gujarati hindi sindhi",1,1,0,0,0,1,0,0,0,0,0,0,0,0,0,0,0,0,3
"499","Z07A02",7,"lang home and friends","hindi sindhi gujarati",NA,"gujarati hindi sindhi",1,1,0,0,0,1,0,0,0,0,0,0,0,0,0,0,0,0,3
"500","Z07A02",7,"lang1","sindhi","from the born","sindhi",0,0,0,0,0,1,0,0,0,0,0,0,0,0,0,0,0,0,1
"501","Z07A02",7,"lang2","hindi","from school","hindi",0,1,0,0,0,0,0,0,0,0,0,0,0,0,0,0,0,0,1
"502","Z07A02",7,"lang3","gujarati","from school","gujarati",1,0,0,0,0,0,0,0,0,0,0,0,0,0,0,0,0,0,1
"503","Z07A02",7,"lang4","marathi","from others (i do not speak)","marathi",0,0,0,1,0,0,0,0,0,0,0,0,0,0,0,0,0,0,1
"504","Z07A02",7,"lang5","punjabi","from others (i do not speak)","punjabi",0,0,0,0,0,0,1,0,0,0,0,0,0,0,0,0,0,0,1
"505","Z07A02",7,"mother_tongue","sindhi",NA,"sindhi",0,0,0,0,0,1,0,0,0,0,0,0,0,0,0,0,0,0,1
"506","Z07A02",7,"speak","hindi sindhi gujarati",NA,"gujarati hindi sindhi",1,1,0,0,0,1,0,0,0,0,0,0,0,0,0,0,0,0,3
"507","Z07A02",7,"understand","marathi punjabi",NA,"marathi punjabi",0,0,0,1,0,0,1,0,0,0,0,0,0,0,0,0,0,0,2
"508","Z07A04",7,"lang home and friends","marathi gujarati hindi",NA,"gujarati hindi marathi",1,1,0,1,0,0,0,0,0,0,0,0,0,0,0,0,0,0,3
"509","Z07A04",7,"lang1","marathi","from parents","marathi",0,0,0,1,0,0,0,0,0,0,0,0,0,0,0,0,0,0,1
"510","Z07A04",7,"lang2","hindi","in school","hindi",0,1,0,0,0,0,0,0,0,0,0,0,0,0,0,0,0,0,1
"511","Z07A04",7,"lang3","gujarati","from friends","gujarati",1,0,0,0,0,0,0,0,0,0,0,0,0,0,0,0,0,0,1
"512","Z07A04",7,"lang4","english","from teachers","english",0,0,1,0,0,0,0,0,0,0,0,0,0,0,0,0,0,0,1
"513","Z07A04",7,"speak","marathi hindi gujarati",NA,"gujarati hindi marathi",1,1,0,1,0,0,0,0,0,0,0,0,0,0,0,0,0,0,3
"514","Z07A05",7,"friends_language","gujarati hindi",NA,"gujarati hindi",1,1,0,0,0,0,0,0,0,0,0,0,0,0,0,0,0,0,2
"515","Z07A05",7,"home_language","gujarati hindi",NA,"gujarati hindi",1,1,0,0,0,0,0,0,0,0,0,0,0,0,0,0,0,0,2
"516","Z07A05",7,"lang home and friends","gujarati hindi",NA,"gujarati hindi",1,1,0,0,0,0,0,0,0,0,0,0,0,0,0,0,0,0,2
"517","Z07A05",7,"lang1","gujarati","mother and father","gujarati",1,0,0,0,0,0,0,0,0,0,0,0,0,0,0,0,0,0,1
"518","Z07A05",7,"lang2","hindi","myself","hindi",0,1,0,0,0,0,0,0,0,0,0,0,0,0,0,0,0,0,1
"519","Z07A05",7,"lang3","urdu","teachers","urdu",0,0,0,0,1,0,0,0,0,0,0,0,0,0,0,0,0,0,1
"520","Z07A05",7,"mother_tongue","gujarati",NA,"gujarati",1,0,0,0,0,0,0,0,0,0,0,0,0,0,0,0,0,0,1
"521","Z07A05",7,"speak","gujarati hindi",NA,"gujarati hindi",1,1,0,0,0,0,0,0,0,0,0,0,0,0,0,0,0,0,2
"522","Z07A05",7,"understand","urdu",NA,"urdu",0,0,0,0,1,0,0,0,0,0,0,0,0,0,0,0,0,0,1
"523","Z07A06",7,"friends_language","hindi gujarati marathi english",NA,"english gujarati hindi marathi",1,1,1,1,0,0,0,0,0,0,0,0,0,0,0,0,0,0,4
"524","Z07A06",7,"home_language","marathi",NA,"marathi",0,0,0,1,0,0,0,0,0,0,0,0,0,0,0,0,0,0,1
"525","Z07A06",7,"lang home and friends","marathi hindi gujarati english",NA,"english gujarati hindi marathi",1,1,1,1,0,0,0,0,0,0,0,0,0,0,0,0,0,0,4
"526","Z07A06",7,"lang1","english","from school","english",0,0,1,0,0,0,0,0,0,0,0,0,0,0,0,0,0,0,1
"527","Z07A06",7,"lang2","gujarati","from the society and school","gujarati",1,0,0,0,0,0,0,0,0,0,0,0,0,0,0,0,0,0,1
"528","Z07A06",7,"lang3","hindi","from society and school","hindi",0,1,0,0,0,0,0,0,0,0,0,0,0,0,0,0,0,0,1
"529","Z07A06",7,"lang3","hindi","from the society and school","hindi",0,1,0,0,0,0,0,0,0,0,0,0,0,0,0,0,0,0,1
"530","Z07A06",7,"lang4","marathi","from start","marathi",0,0,0,1,0,0,0,0,0,0,0,0,0,0,0,0,0,0,1
"531","Z07A06",7,"lang4","marathi","from starting, mother tongue","marathi",0,0,0,1,0,0,0,0,0,0,0,0,0,0,0,0,0,0,1
"532","Z07A06",7,"lang5","punjabi","from society","punjabi",0,0,0,0,0,0,1,0,0,0,0,0,0,0,0,0,0,0,1
"533","Z07A06",7,"lang5","punjabi","from the society","punjabi",0,0,0,0,0,0,1,0,0,0,0,0,0,0,0,0,0,0,1
"534","Z07A06",7,"mother_tongue","marathi",NA,"marathi",0,0,0,1,0,0,0,0,0,0,0,0,0,0,0,0,0,0,1
"535","Z07A06",7,"speak","english gujarati hindi marathi",NA,"english gujarati hindi marathi",1,1,1,1,0,0,0,0,0,0,0,0,0,0,0,0,0,0,4
"536","Z07A06",7,"speak","gujarati english hindi marathi",NA,"english gujarati hindi marathi",1,1,1,1,0,0,0,0,0,0,0,0,0,0,0,0,0,0,4
"537","Z07A06",7,"understand","punjabi",NA,"punjabi",0,0,0,0,0,0,1,0,0,0,0,0,0,0,0,0,0,0,1
"538","Z07A07",7,"friends_language","hindi gujarati marathi english",NA,"english gujarati hindi marathi",1,1,1,1,0,0,0,0,0,0,0,0,0,0,0,0,0,0,4
"539","Z07A07",7,"home_language","marathi",NA,"marathi",0,0,0,1,0,0,0,0,0,0,0,0,0,0,0,0,0,0,1
"540","Z07A07",7,"mother_tongue","marathi",NA,"marathi",0,0,0,1,0,0,0,0,0,0,0,0,0,0,0,0,0,0,1
"541","Z07A09",7,"friends_language","hindi gujarati",NA,"gujarati hindi",1,1,0,0,0,0,0,0,0,0,0,0,0,0,0,0,0,0,2
"542","Z07A09",7,"home_language","gujarati",NA,"gujarati",1,0,0,0,0,0,0,0,0,0,0,0,0,0,0,0,0,0,1
"543","Z07A09",7,"lang home and friends","hindi gujarati",NA,"gujarati hindi",1,1,0,0,0,0,0,0,0,0,0,0,0,0,0,0,0,0,2
"544","Z07A09",7,"lang1","hindi","from school","hindi",0,1,0,0,0,0,0,0,0,0,0,0,0,0,0,0,0,0,1
"545","Z07A09",7,"lang2","gujarati","mother and father","gujarati",1,0,0,0,0,0,0,0,0,0,0,0,0,0,0,0,0,0,1
"546","Z07A09",7,"lang3","english","school","english",0,0,1,0,0,0,0,0,0,0,0,0,0,0,0,0,0,0,1
"547","Z07A09",7,"mother_tongue","gujarati",NA,"gujarati",1,0,0,0,0,0,0,0,0,0,0,0,0,0,0,0,0,0,1
"548","Z07A09",7,"speak","gujarati hindi",NA,"gujarati hindi",1,1,0,0,0,0,0,0,0,0,0,0,0,0,0,0,0,0,2
"549","Z07A09",7,"understand","english",NA,"english",0,0,1,0,0,0,0,0,0,0,0,0,0,0,0,0,0,0,1
"550","Z07A10",7,"friends_language","hindi english gujarati",NA,"english gujarati hindi",1,1,1,0,0,0,0,0,0,0,0,0,0,0,0,0,0,0,3
"551","Z07A10",7,"home_language","gujarati",NA,"gujarati",1,0,0,0,0,0,0,0,0,0,0,0,0,0,0,0,0,0,1
"552","Z07A10",7,"lang home and friends","gujarati hindi english",NA,"english gujarati hindi",1,1,1,0,0,0,0,0,0,0,0,0,0,0,0,0,0,0,3
"553","Z07A10",7,"lang1","gujarati","from start/birth","gujarati",1,0,0,0,0,0,0,0,0,0,0,0,0,0,0,0,0,0,1
"554","Z07A10",7,"lang2","hindi","from friends, brothers, sister","hindi",0,1,0,0,0,0,0,0,0,0,0,0,0,0,0,0,0,0,1
"555","Z07A10",7,"lang3","english","school, brother, mother, father","english",0,0,1,0,0,0,0,0,0,0,0,0,0,0,0,0,0,0,1
"556","Z07A10",7,"lang4","urdu","by father","urdu",0,0,0,0,1,0,0,0,0,0,0,0,0,0,0,0,0,0,1
"557","Z07A10",7,"mother_tongue","hindi",NA,"hindi",0,1,0,0,0,0,0,0,0,0,0,0,0,0,0,0,0,0,1
"558","Z07A10",7,"speak","hindi gujarati english",NA,"english gujarati hindi",1,1,1,0,0,0,0,0,0,0,0,0,0,0,0,0,0,0,3
"559","Z07A10",7,"understand","marathi urdu",NA,"marathi urdu",0,0,0,1,1,0,0,0,0,0,0,0,0,0,0,0,0,0,2
"560","Z07A11",7,"friends_language","hindi",NA,"hindi",0,1,0,0,0,0,0,0,0,0,0,0,0,0,0,0,0,0,1
"561","Z07A11",7,"home_language","hindi",NA,"hindi",0,1,0,0,0,0,0,0,0,0,0,0,0,0,0,0,0,0,1
"562","Z07A11",7,"lang home and friends","hindi",NA,"hindi",0,1,0,0,0,0,0,0,0,0,0,0,0,0,0,0,0,0,1
"563","Z07A11",7,"lang1","hindi","parents","hindi",0,1,0,0,0,0,0,0,0,0,0,0,0,0,0,0,0,0,1
"564","Z07A11",7,"lang2","english","sister and brother","english",0,0,1,0,0,0,0,0,0,0,0,0,0,0,0,0,0,0,1
"565","Z07A11",7,"lang3","gujarati","parents","gujarati",1,0,0,0,0,0,0,0,0,0,0,0,0,0,0,0,0,0,1
"566","Z07A11",7,"lang4","marathi","alone","marathi",0,0,0,1,0,0,0,0,0,0,0,0,0,0,0,0,0,0,1
"567","Z07A11",7,"mother_tongue","hindi",NA,"hindi",0,1,0,0,0,0,0,0,0,0,0,0,0,0,0,0,0,0,1
"568","Z07A11",7,"speak","hindi",NA,"hindi",0,1,0,0,0,0,0,0,0,0,0,0,0,0,0,0,0,0,1
"569","Z07A11",7,"understand","marathi",NA,"marathi",0,0,0,1,0,0,0,0,0,0,0,0,0,0,0,0,0,0,1
"570","Z07A12",7,"friends_language","hindi",NA,"hindi",0,1,0,0,0,0,0,0,0,0,0,0,0,0,0,0,0,0,1
"571","Z07A12",7,"home_language","gujarati",NA,"gujarati",1,0,0,0,0,0,0,0,0,0,0,0,0,0,0,0,0,0,1
"572","Z07A12",7,"lang home and friends","gujarati hindi",NA,"gujarati hindi",1,1,0,0,0,0,0,0,0,0,0,0,0,0,0,0,0,0,2
"573","Z07A12",7,"lang1","hindi","mother","hindi",0,1,0,0,0,0,0,0,0,0,0,0,0,0,0,0,0,0,1
"574","Z07A12",7,"lang2","english","brother","english",0,0,1,0,0,0,0,0,0,0,0,0,0,0,0,0,0,0,1
"575","Z07A12",7,"lang3","gujarati","in the beginning","gujarati",1,0,0,0,0,0,0,0,0,0,0,0,0,0,0,0,0,0,1
"576","Z07A12",7,"lang4","marathi","sister","marathi",0,0,0,1,0,0,0,0,0,0,0,0,0,0,0,0,0,0,1
"577","Z07A12",7,"lang5","urdu","friends","urdu",0,0,0,0,1,0,0,0,0,0,0,0,0,0,0,0,0,0,1
"578","Z07A12",7,"mother_tongue","hindi",NA,"hindi",0,1,0,0,0,0,0,0,0,0,0,0,0,0,0,0,0,0,1
"579","Z07A12",7,"speak","gujarati",NA,"gujarati",1,0,0,0,0,0,0,0,0,0,0,0,0,0,0,0,0,0,1
"580","Z07A12",7,"understand","bihari",NA,"bihari",0,0,0,0,0,0,0,0,0,0,0,0,0,0,0,1,0,0,1
"581","Z07A13",7,"friends_language","hindi",NA,"hindi",0,1,0,0,0,0,0,0,0,0,0,0,0,0,0,0,0,0,1
"582","Z07A13",7,"home_language","gujarati",NA,"gujarati",1,0,0,0,0,0,0,0,0,0,0,0,0,0,0,0,0,0,1
"583","Z07A13",7,"lang home and friends","gujarati hindi",NA,"gujarati hindi",1,1,0,0,0,0,0,0,0,0,0,0,0,0,0,0,0,0,2
"584","Z07A13",7,"lang1","gujarati","from starting","gujarati",1,0,0,0,0,0,0,0,0,0,0,0,0,0,0,0,0,0,1
"585","Z07A13",7,"lang2","hindi","from school","hindi",0,1,0,0,0,0,0,0,0,0,0,0,0,0,0,0,0,0,1
"586","Z07A13",7,"lang3","english","from teachers","english",0,0,1,0,0,0,0,0,0,0,0,0,0,0,0,0,0,0,1
"587","Z07A13",7,"lang4","urdu","from starting","urdu",0,0,0,0,1,0,0,0,0,0,0,0,0,0,0,0,0,0,1
"588","Z07A13",7,"mother_tongue","gujarati",NA,"gujarati",1,0,0,0,0,0,0,0,0,0,0,0,0,0,0,0,0,0,1
"589","Z07A13",7,"speak","gujarati hindi",NA,"gujarati hindi",1,1,0,0,0,0,0,0,0,0,0,0,0,0,0,0,0,0,2
"590","Z07A13",7,"understand","gujarati hindi english urdu",NA,"english gujarati hindi urdu",1,1,1,0,1,0,0,0,0,0,0,0,0,0,0,0,0,0,4
"591","Z07A14",7,"friends_language","hindi",NA,"hindi",0,1,0,0,0,0,0,0,0,0,0,0,0,0,0,0,0,0,1
"592","Z07A14",7,"home_language","gujarati",NA,"gujarati",1,0,0,0,0,0,0,0,0,0,0,0,0,0,0,0,0,0,1
"593","Z07A14",7,"lang home and friends","gujarati hindi",NA,"gujarati hindi",1,1,0,0,0,0,0,0,0,0,0,0,0,0,0,0,0,0,2
"594","Z07A14",7,"lang1","gujarati","parents","gujarati",1,0,0,0,0,0,0,0,0,0,0,0,0,0,0,0,0,0,1
"595","Z07A14",7,"lang2","hindi","neighbour","hindi",0,1,0,0,0,0,0,0,0,0,0,0,0,0,0,0,0,0,1
"596","Z07A14",7,"lang3","english","father","english",0,0,1,0,0,0,0,0,0,0,0,0,0,0,0,0,0,0,1
"597","Z07A14",7,"lang4","marathi","brother","marathi",0,0,0,1,0,0,0,0,0,0,0,0,0,0,0,0,0,0,1
"598","Z07A14",7,"lang5","arabic",NA,"arabic",0,0,0,0,0,0,0,0,0,0,0,0,0,0,1,0,0,0,1
"599","Z07A14",7,"mother_tongue","gujarati",NA,"gujarati",1,0,0,0,0,0,0,0,0,0,0,0,0,0,0,0,0,0,1
"600","Z07A14",7,"speak","gujarati",NA,"gujarati",1,0,0,0,0,0,0,0,0,0,0,0,0,0,0,0,0,0,1
"601","Z07A14",7,"understand","marathi arbic",NA,"arabic marathi",0,0,0,1,0,0,0,0,0,0,0,0,0,0,1,0,0,0,2
"602","Z07A16",7,"friends_language","hindi",NA,"hindi",0,1,0,0,0,0,0,0,0,0,0,0,0,0,0,0,0,0,1
"603","Z07A16",7,"home_language","hindi",NA,"hindi",0,1,0,0,0,0,0,0,0,0,0,0,0,0,0,0,0,0,1
"604","Z07A16",7,"lang home and friends","hindi",NA,"hindi",0,1,0,0,0,0,0,0,0,0,0,0,0,0,0,0,0,0,1
"605","Z07A16",7,"lang1","hindi","from beginning","hindi",0,1,0,0,0,0,0,0,0,0,0,0,0,0,0,0,0,0,1
"606","Z07A16",7,"lang2","english","teacher","english",0,0,1,0,0,0,0,0,0,0,0,0,0,0,0,0,0,0,1
"607","Z07A16",7,"lang3","gujarati","people in state","gujarati",1,0,0,0,0,0,0,0,0,0,0,0,0,0,0,0,0,0,1
"608","Z07A16",7,"mother_tongue","hindi urdu",NA,"hindi urdu",0,1,0,0,1,0,0,0,0,0,0,0,0,0,0,0,0,0,2
"609","Z07A16",7,"speak","hindi",NA,"hindi",0,1,0,0,0,0,0,0,0,0,0,0,0,0,0,0,0,0,1
"610","Z07A18",7,"friends_language","hindi",NA,"hindi",0,1,0,0,0,0,0,0,0,0,0,0,0,0,0,0,0,0,1
"611","Z07A18",7,"home_language","hindi",NA,"hindi",0,1,0,0,0,0,0,0,0,0,0,0,0,0,0,0,0,0,1
"612","Z07A18",7,"lang home and friends","hindi",NA,"hindi",0,1,0,0,0,0,0,0,0,0,0,0,0,0,0,0,0,0,1
"613","Z07A18",7,"lang1","hindi","from beginning","hindi",0,1,0,0,0,0,0,0,0,0,0,0,0,0,0,0,0,0,1
"614","Z07A18",7,"lang2","english","mother","english",0,0,1,0,0,0,0,0,0,0,0,0,0,0,0,0,0,0,1
"615","Z07A18",7,"lang3","gujarati","mother","gujarati",1,0,0,0,0,0,0,0,0,0,0,0,0,0,0,0,0,0,1
"616","Z07A18",7,"mother_tongue","hindi gujarati",NA,"gujarati hindi",1,1,0,0,0,0,0,0,0,0,0,0,0,0,0,0,0,0,2
"617","Z07A18",7,"speak","hindi",NA,"hindi",0,1,0,0,0,0,0,0,0,0,0,0,0,0,0,0,0,0,1
"618","Z07A19",7,"friends_language","hindi english",NA,"english hindi",0,1,1,0,0,0,0,0,0,0,0,0,0,0,0,0,0,0,2
"619","Z07A19",7,"home_language","hindi",NA,"hindi",0,1,0,0,0,0,0,0,0,0,0,0,0,0,0,0,0,0,1
"620","Z07A19",7,"lang home and friends","hindi english",NA,"english hindi",0,1,1,0,0,0,0,0,0,0,0,0,0,0,0,0,0,0,2
"621","Z07A19",7,"lang1","hindi","from beginning with parents","hindi",0,1,0,0,0,0,0,0,0,0,0,0,0,0,0,0,0,0,1
"622","Z07A19",7,"lang2","english","in school with friend's teacher","english",0,0,1,0,0,0,0,0,0,0,0,0,0,0,0,0,0,0,1
"623","Z07A19",7,"mother_tongue","hindi",NA,"hindi",0,1,0,0,0,0,0,0,0,0,0,0,0,0,0,0,0,0,1
"624","Z07A19",7,"speak","hindi english",NA,"english hindi",0,1,1,0,0,0,0,0,0,0,0,0,0,0,0,0,0,0,2
"625","Z07A19",7,"understand","gujarati",NA,"gujarati",1,0,0,0,0,0,0,0,0,0,0,0,0,0,0,0,0,0,1
"626","Z07A20",7,"friends_language","hindi",NA,"hindi",0,1,0,0,0,0,0,0,0,0,0,0,0,0,0,0,0,0,1
"627","Z07A20",7,"home_language","hindi",NA,"hindi",0,1,0,0,0,0,0,0,0,0,0,0,0,0,0,0,0,0,1
"628","Z07A20",7,"lang home and friends","hindi",NA,"hindi",0,1,0,0,0,0,0,0,0,0,0,0,0,0,0,0,0,0,1
"629","Z07A20",7,"lang1","hindi","friend","hindi",0,1,0,0,0,0,0,0,0,0,0,0,0,0,0,0,0,0,1
"630","Z07A20",7,"lang2","english","sister","english",0,0,1,0,0,0,0,0,0,0,0,0,0,0,0,0,0,0,1
"631","Z07A20",7,"lang3","gujarati","teacher","gujarati",1,0,0,0,0,0,0,0,0,0,0,0,0,0,0,0,0,0,1
"632","Z07A20",7,"mother_tongue","hindi",NA,"hindi",0,1,0,0,0,0,0,0,0,0,0,0,0,0,0,0,0,0,1
"633","Z07A20",7,"speak","hindi",NA,"hindi",0,1,0,0,0,0,0,0,0,0,0,0,0,0,0,0,0,0,1
"634","Z07A20",7,"understand","hindi",NA,"hindi",0,1,0,0,0,0,0,0,0,0,0,0,0,0,0,0,0,0,1
"635","Z07A21",7,"friends_language","hindi gujarati",NA,"gujarati hindi",1,1,0,0,0,0,0,0,0,0,0,0,0,0,0,0,0,0,2
"636","Z07A21",7,"home_language","hindi",NA,"hindi",0,1,0,0,0,0,0,0,0,0,0,0,0,0,0,0,0,0,1
"637","Z07A21",7,"lang home and friends","hindi gujarati",NA,"gujarati hindi",1,1,0,0,0,0,0,0,0,0,0,0,0,0,0,0,0,0,2
"638","Z07A21",7,"lang1","hindi","forever","hindi",0,1,0,0,0,0,0,0,0,0,0,0,0,0,0,0,0,0,1
"639","Z07A21",7,"lang2","english","school","english",0,0,1,0,0,0,0,0,0,0,0,0,0,0,0,0,0,0,1
"640","Z07A21",7,"lang3","gujarati","friend","gujarati",1,0,0,0,0,0,0,0,0,0,0,0,0,0,0,0,0,0,1
"641","Z07A21",7,"mother_tongue","hindi",NA,"hindi",0,1,0,0,0,0,0,0,0,0,0,0,0,0,0,0,0,0,1
"642","Z07A21",7,"speak","gujarati",NA,"gujarati",1,0,0,0,0,0,0,0,0,0,0,0,0,0,0,0,0,0,1
"643","Z07A21",7,"understand","sanskrit",NA,"sanskrit",0,0,0,0,0,0,0,0,0,0,0,0,0,0,0,0,0,1,1
"644","Z07A39",7,"friends_language","english",NA,"english",0,0,1,0,0,0,0,0,0,0,0,0,0,0,0,0,0,0,1
"645","Z07A39",7,"home_language","hindi english",NA,"english hindi",0,1,1,0,0,0,0,0,0,0,0,0,0,0,0,0,0,0,2
"646","Z07A39",7,"lang home and friends","hindi english",NA,"english hindi",0,1,1,0,0,0,0,0,0,0,0,0,0,0,0,0,0,0,2
"647","Z07A39",7,"lang1","sindhi","grandfather, grandmother","sindhi",0,0,0,0,0,1,0,0,0,0,0,0,0,0,0,0,0,0,1
"648","Z07A39",7,"lang2","hindi","from start","hindi",0,1,0,0,0,0,0,0,0,0,0,0,0,0,0,0,0,0,1
"649","Z07A39",7,"lang3","english","teachers","english",0,0,1,0,0,0,0,0,0,0,0,0,0,0,0,0,0,0,1
"650","Z07A39",7,"lang4","gujarati","my friends","gujarati",1,0,0,0,0,0,0,0,0,0,0,0,0,0,0,0,0,0,1
"651","Z07A39",7,"mother_tongue","sindi",NA,"sindhi",0,0,0,0,0,1,0,0,0,0,0,0,0,0,0,0,0,0,1
"652","Z07A39",7,"speak","hindi english",NA,"english hindi",0,1,1,0,0,0,0,0,0,0,0,0,0,0,0,0,0,0,2
"653","Z07A39",7,"understand","gujarati sindi",NA,"gujarati sindhi",1,0,0,0,0,1,0,0,0,0,0,0,0,0,0,0,0,0,2
"654","Z07A40",7,"friends_language","hindi gujarati",NA,"gujarati hindi",1,1,0,0,0,0,0,0,0,0,0,0,0,0,0,0,0,0,2
"655","Z07A40",7,"home_language","gujarati",NA,"gujarati",1,0,0,0,0,0,0,0,0,0,0,0,0,0,0,0,0,0,1
"656","Z07A40",7,"lang home and friends","gujarati hindi",NA,"gujarati hindi",1,1,0,0,0,0,0,0,0,0,0,0,0,0,0,0,0,0,2
"657","Z07A40",7,"lang1","gujarati","by mother","gujarati",1,0,0,0,0,0,0,0,0,0,0,0,0,0,0,0,0,0,1
"658","Z07A40",7,"lang2","punjabi","by teacher","punjabi",0,0,0,0,0,0,1,0,0,0,0,0,0,0,0,0,0,0,1
"659","Z07A40",7,"lang3","hindi","by school","hindi",0,1,0,0,0,0,0,0,0,0,0,0,0,0,0,0,0,0,1
"660","Z07A40",7,"lang4","urdu","from starting","urdu",0,0,0,0,1,0,0,0,0,0,0,0,0,0,0,0,0,0,1
"661","Z07A40",7,"lang4","urdu","from start","urdu",0,0,0,0,1,0,0,0,0,0,0,0,0,0,0,0,0,0,1
"662","Z07A40",7,"lang5","english","by school","english",0,0,1,0,0,0,0,0,0,0,0,0,0,0,0,0,0,0,1
"663","Z07A40",7,"mother_tongue","gujarati",NA,"gujarati",1,0,0,0,0,0,0,0,0,0,0,0,0,0,0,0,0,0,1
"664","Z07A40",7,"speak","hindi gujarati english",NA,"english gujarati hindi",1,1,1,0,0,0,0,0,0,0,0,0,0,0,0,0,0,0,3
"665","Z07A40",7,"understand","punjab urdu",NA,"punjabi urdu",0,0,0,0,1,0,1,0,0,0,0,0,0,0,0,0,0,0,2
"666","Z07A40",7,"understand","punjabi urdu",NA,"punjabi urdu",0,0,0,0,1,0,1,0,0,0,0,0,0,0,0,0,0,0,2
"667","Z07A41",7,"friends_language","hindi gujarati",NA,"gujarati hindi",1,1,0,0,0,0,0,0,0,0,0,0,0,0,0,0,0,0,2
"668","Z07A41",7,"home_language","hindi",NA,"hindi",0,1,0,0,0,0,0,0,0,0,0,0,0,0,0,0,0,0,1
"669","Z07A41",7,"lang home and friends","hindi gujarati",NA,"gujarati hindi",1,1,0,0,0,0,0,0,0,0,0,0,0,0,0,0,0,0,2
"670","Z07A41",7,"lang1","hindi","parents","hindi",0,1,0,0,0,0,0,0,0,0,0,0,0,0,0,0,0,0,1
"671","Z07A41",7,"lang2","gujarati","school","gujarati",1,0,0,0,0,0,0,0,0,0,0,0,0,0,0,0,0,0,1
"672","Z07A41",7,"lang3","sindhi","parents","sindhi",0,0,0,0,0,1,0,0,0,0,0,0,0,0,0,0,0,0,1
"673","Z07A41",7,"lang4","marathi","school","marathi",0,0,0,1,0,0,0,0,0,0,0,0,0,0,0,0,0,0,1
"674","Z07A41",7,"lang5","punjabi","school","punjabi",0,0,0,0,0,0,1,0,0,0,0,0,0,0,0,0,0,0,1
"675","Z07A41",7,"mother_tongue","sindhi",NA,"sindhi",0,0,0,0,0,1,0,0,0,0,0,0,0,0,0,0,0,0,1
"676","Z07A41",7,"speak","hindi gujarati sindhi",NA,"gujarati hindi sindhi",1,1,0,0,0,1,0,0,0,0,0,0,0,0,0,0,0,0,3
"677","Z07A41",7,"understand","marathi punjab",NA,"marathi punjabi",0,0,0,1,0,0,1,0,0,0,0,0,0,0,0,0,0,0,2
"678","Z07A42",7,"friends_language","hindi",NA,"hindi",0,1,0,0,0,0,0,0,0,0,0,0,0,0,0,0,0,0,1
"679","Z07A42",7,"home_language","gujarati hindi sindhi",NA,"gujarati hindi sindhi",1,1,0,0,0,1,0,0,0,0,0,0,0,0,0,0,0,0,3
"680","Z07A42",7,"lang home and friends","gujarati hindi sindhi",NA,"gujarati hindi sindhi",1,1,0,0,0,1,0,0,0,0,0,0,0,0,0,0,0,0,3
"681","Z07A42",7,"lang1","gujarati","grandfather","gujarati",1,0,0,0,0,0,0,0,0,0,0,0,0,0,0,0,0,0,1
"682","Z07A42",7,"lang2","hindi","from the start","hindi",0,1,0,0,0,0,0,0,0,0,0,0,0,0,0,0,0,0,1
"683","Z07A42",7,"lang3","english","from teachers","english",0,0,1,0,0,0,0,0,0,0,0,0,0,0,0,0,0,0,1
"684","Z07A42",7,"lang4","sindhi","mother","sindhi",0,0,0,0,0,1,0,0,0,0,0,0,0,0,0,0,0,0,1
"685","Z07A42",7,"lang5","marathi","friends","marathi",0,0,0,1,0,0,0,0,0,0,0,0,0,0,0,0,0,0,1
"686","Z07A42",7,"mother_tongue","gujarati",NA,"gujarati",1,0,0,0,0,0,0,0,0,0,0,0,0,0,0,0,0,0,1
"687","Z07A42",7,"speak","gujarati sindhi hindi english",NA,"english gujarati hindi sindhi",1,1,1,0,0,1,0,0,0,0,0,0,0,0,0,0,0,0,4
"688","Z07A42",7,"understand","marathi",NA,"marathi",0,0,0,1,0,0,0,0,0,0,0,0,0,0,0,0,0,0,1
"689","Z07A43",7,"friends_language","hindi",NA,"hindi",0,1,0,0,0,0,0,0,0,0,0,0,0,0,0,0,0,0,1
"690","Z07A43",7,"home_language","hindi",NA,"hindi",0,1,0,0,0,0,0,0,0,0,0,0,0,0,0,0,0,0,1
"691","Z07A43",7,"lang home and friends","hindi",NA,"hindi",0,1,0,0,0,0,0,0,0,0,0,0,0,0,0,0,0,0,1
"692","Z07A43",7,"lang1","hindi","from start","hindi",0,1,0,0,0,0,0,0,0,0,0,0,0,0,0,0,0,0,1
"693","Z07A43",7,"lang2","hindi","from start","hindi",0,1,0,0,0,0,0,0,0,0,0,0,0,0,0,0,0,0,1
"694","Z07A43",7,"lang3","english","we learn in school","english",0,0,1,0,0,0,0,0,0,0,0,0,0,0,0,0,0,0,1
"695","Z07A43",7,"lang4","gujarati","my friends","gujarati",1,0,0,0,0,0,0,0,0,0,0,0,0,0,0,0,0,0,1
"696","Z07A43",7,"mother_tongue","hindi",NA,"hindi",0,1,0,0,0,0,0,0,0,0,0,0,0,0,0,0,0,0,1
"697","Z07A43",7,"speak","hindi english",NA,"english hindi",0,1,1,0,0,0,0,0,0,0,0,0,0,0,0,0,0,0,2
"698","Z07A43",7,"understand","gujarati",NA,"gujarati",1,0,0,0,0,0,0,0,0,0,0,0,0,0,0,0,0,0,1
"699","Z07A45",7,"friends_language","gujarati",NA,"gujarati",1,0,0,0,0,0,0,0,0,0,0,0,0,0,0,0,0,0,1
"700","Z07A45",7,"home_language","gujarati",NA,"gujarati",1,0,0,0,0,0,0,0,0,0,0,0,0,0,0,0,0,0,1
"701","Z07A45",7,"lang home and friends","gujarati",NA,"gujarati",1,0,0,0,0,0,0,0,0,0,0,0,0,0,0,0,0,0,1
"702","Z07A45",7,"lang1","hindi","friends","hindi",0,1,0,0,0,0,0,0,0,0,0,0,0,0,0,0,0,0,1
"703","Z07A45",7,"lang2","english","sister","english",0,0,1,0,0,0,0,0,0,0,0,0,0,0,0,0,0,0,1
"704","Z07A45",7,"lang3","gujarati","from beginning","gujarati",1,0,0,0,0,0,0,0,0,0,0,0,0,0,0,0,0,0,1
"705","Z07A45",7,"mother_tongue","gujarati",NA,"gujarati",1,0,0,0,0,0,0,0,0,0,0,0,0,0,0,0,0,0,1
"706","Z07A45",7,"speak","gujarati hindi",NA,"gujarati hindi",1,1,0,0,0,0,0,0,0,0,0,0,0,0,0,0,0,0,2
"707","Z07A46",7,"friends_language","hindi english",NA,"english hindi",0,1,1,0,0,0,0,0,0,0,0,0,0,0,0,0,0,0,2
"708","Z07A46",7,"home_language","hindi",NA,"hindi",0,1,0,0,0,0,0,0,0,0,0,0,0,0,0,0,0,0,1
"709","Z07A46",7,"lang home and friends","hindi english",NA,"english hindi",0,1,1,0,0,0,0,0,0,0,0,0,0,0,0,0,0,0,2
"710","Z07A46",7,"lang1","english","school","english",0,0,1,0,0,0,0,0,0,0,0,0,0,0,0,0,0,0,1
"711","Z07A46",7,"lang2","hindi","from beginning","hindi",0,1,0,0,0,0,0,0,0,0,0,0,0,0,0,0,0,0,1
"712","Z07A46",7,"lang3","gujarati","friends","gujarati",1,0,0,0,0,0,0,0,0,0,0,0,0,0,0,0,0,0,1
"713","Z07A46",7,"mother_tongue","hindi",NA,"hindi",0,1,0,0,0,0,0,0,0,0,0,0,0,0,0,0,0,0,1
"714","Z07A46",7,"speak","english",NA,"english",0,0,1,0,0,0,0,0,0,0,0,0,0,0,0,0,0,0,1
"715","Z07A46",7,"understand","gujarati",NA,"gujarati",1,0,0,0,0,0,0,0,0,0,0,0,0,0,0,0,0,0,1
"716","Z07A47",7,"friends_language","hindi gujarati",NA,"gujarati hindi",1,1,0,0,0,0,0,0,0,0,0,0,0,0,0,0,0,0,2
"717","Z07A47",7,"home_language","marathi",NA,"marathi",0,0,0,1,0,0,0,0,0,0,0,0,0,0,0,0,0,0,1
"718","Z07A47",7,"lang home and friends","marathi hindi gujarati",NA,"gujarati hindi marathi",1,1,0,1,0,0,0,0,0,0,0,0,0,0,0,0,0,0,3
"719","Z07A47",7,"lang1","marathi","from start","marathi",0,0,0,1,0,0,0,0,0,0,0,0,0,0,0,0,0,0,1
"720","Z07A47",7,"lang2","hindi","in school","hindi",0,1,0,0,0,0,0,0,0,0,0,0,0,0,0,0,0,0,1
"721","Z07A47",7,"lang3","gujarati","by neighbours","gujarati",1,0,0,0,0,0,0,0,0,0,0,0,0,0,0,0,0,0,1
"722","Z07A47",7,"lang4","english","in school","english",0,0,1,0,0,0,0,0,0,0,0,0,0,0,0,0,0,0,1
"723","Z07A47",7,"mother_tongue","marathi",NA,"marathi",0,0,0,1,0,0,0,0,0,0,0,0,0,0,0,0,0,0,1
"724","Z07A47",7,"speak","marathi hindi gujarati english",NA,"english gujarati hindi marathi",1,1,1,1,0,0,0,0,0,0,0,0,0,0,0,0,0,0,4
"725","Z07A47",7,"understand","foreigners english",NA,"foreigners english",0,0,1,0,0,0,0,0,0,0,0,0,0,0,0,0,0,0,1
"726","Z07A48",7,"friends_language","hindi gujarati",NA,"gujarati hindi",1,1,0,0,0,0,0,0,0,0,0,0,0,0,0,0,0,0,2
"727","Z07A48",7,"home_language","hindi",NA,"hindi",0,1,0,0,0,0,0,0,0,0,0,0,0,0,0,0,0,0,1
"728","Z07A48",7,"lang home and friends","hindi gujarati",NA,"gujarati hindi",1,1,0,0,0,0,0,0,0,0,0,0,0,0,0,0,0,0,2
"729","Z07A48",7,"lang1","hindi","start/birth","hindi",0,1,0,0,0,0,0,0,0,0,0,0,0,0,0,0,0,0,1
"730","Z07A48",7,"lang2","gujarati","friends/sister","gujarati",1,0,0,0,0,0,0,0,0,0,0,0,0,0,0,0,0,0,1
"731","Z07A48",7,"lang3","english","school, father and mother","english",0,0,1,0,0,0,0,0,0,0,0,0,0,0,0,0,0,0,1
"732","Z07A48",7,"lang4","urdu","father","urdu",0,0,0,0,1,0,0,0,0,0,0,0,0,0,0,0,0,0,1
"733","Z07A48",7,"mother_tongue","hindi",NA,"hindi",0,1,0,0,0,0,0,0,0,0,0,0,0,0,0,0,0,0,1
"734","Z07A48",7,"speak","hindi gujarati english",NA,"english gujarati hindi",1,1,1,0,0,0,0,0,0,0,0,0,0,0,0,0,0,0,3
"735","Z07A48",7,"understand","marathi",NA,"marathi",0,0,0,1,0,0,0,0,0,0,0,0,0,0,0,0,0,0,1
"736","Z07A50",7,"friends_language","hindi english",NA,"english hindi",0,1,1,0,0,0,0,0,0,0,0,0,0,0,0,0,0,0,2
"737","Z07A50",7,"home_language","hindi gujarati english",NA,"english gujarati hindi",1,1,1,0,0,0,0,0,0,0,0,0,0,0,0,0,0,0,3
"738","Z07A50",7,"lang home and friends","hindi gujarati english",NA,"english gujarati hindi",1,1,1,0,0,0,0,0,0,0,0,0,0,0,0,0,0,0,3
"739","Z07A50",7,"lang1","hindi","birth","hindi",0,1,0,0,0,0,0,0,0,0,0,0,0,0,0,0,0,0,1
"740","Z07A50",7,"lang2","gujarati","parents","gujarati",1,0,0,0,0,0,0,0,0,0,0,0,0,0,0,0,0,0,1
"741","Z07A50",7,"lang3","english","teachers","english",0,0,1,0,0,0,0,0,0,0,0,0,0,0,0,0,0,0,1
"742","Z07A50",7,"lang4","urdu","teachers","urdu",0,0,0,0,1,0,0,0,0,0,0,0,0,0,0,0,0,0,1
"743","Z07A50",7,"lang5","marathi","friend","marathi",0,0,0,1,0,0,0,0,0,0,0,0,0,0,0,0,0,0,1
"744","Z07A50",7,"mother_tongue","hindi",NA,"hindi",0,1,0,0,0,0,0,0,0,0,0,0,0,0,0,0,0,0,1
"745","Z07A50",7,"speak","hindi gujarati english",NA,"english gujarati hindi",1,1,1,0,0,0,0,0,0,0,0,0,0,0,0,0,0,0,3
"746","Z07A50",7,"understand","urdu marathi",NA,"marathi urdu",0,0,0,1,1,0,0,0,0,0,0,0,0,0,0,0,0,0,2
"747","Z07A51",7,"friends_language","hindi",NA,"hindi",0,1,0,0,0,0,0,0,0,0,0,0,0,0,0,0,0,0,1
"748","Z07A51",7,"home_language","hindi",NA,"hindi",0,1,0,0,0,0,0,0,0,0,0,0,0,0,0,0,0,0,1
"749","Z07A51",7,"lang home and friends","hindi",NA,"hindi",0,1,0,0,0,0,0,0,0,0,0,0,0,0,0,0,0,0,1
"750","Z07A51",7,"lang1","hindi","parents ","hindi",0,1,0,0,0,0,0,0,0,0,0,0,0,0,0,0,0,0,1
"751","Z07A51",7,"lang2","gujarati","sister","gujarati",1,0,0,0,0,0,0,0,0,0,0,0,0,0,0,0,0,0,1
"752","Z07A51",7,"lang3","english","teacher","english",0,0,1,0,0,0,0,0,0,0,0,0,0,0,0,0,0,0,1
"753","Z07A51",7,"lang4","urdu","brother","urdu",0,0,0,0,1,0,0,0,0,0,0,0,0,0,0,0,0,0,1
"754","Z07A51",7,"lang5","arabic","sister","arabic",0,0,0,0,0,0,0,0,0,0,0,0,0,0,1,0,0,0,1
"755","Z07A51",7,"mother_tongue","hindi",NA,"hindi",0,1,0,0,0,0,0,0,0,0,0,0,0,0,0,0,0,0,1
"756","Z07A51",7,"speak","hindi",NA,"hindi",0,1,0,0,0,0,0,0,0,0,0,0,0,0,0,0,0,0,1
"757","Z07A55",7,"friends_language","hindi gujarati",NA,"gujarati hindi",1,1,0,0,0,0,0,0,0,0,0,0,0,0,0,0,0,0,2
"758","Z07A55",7,"home_language","gujarati",NA,"gujarati",1,0,0,0,0,0,0,0,0,0,0,0,0,0,0,0,0,0,1
"759","Z07A55",7,"lang home and friends","hindi gujarati",NA,"gujarati hindi",1,1,0,0,0,0,0,0,0,0,0,0,0,0,0,0,0,0,2
"760","Z07A55",7,"lang1","hindi","friends","hindi",0,1,0,0,0,0,0,0,0,0,0,0,0,0,0,0,0,0,1
"761","Z07A55",7,"lang2","gujarati","parents","gujarati",1,0,0,0,0,0,0,0,0,0,0,0,0,0,0,0,0,0,1
"762","Z07A55",7,"lang3","english","teachers","english",0,0,1,0,0,0,0,0,0,0,0,0,0,0,0,0,0,0,1
"763","Z07A55",7,"mother_tongue","gujarati",NA,"gujarati",1,0,0,0,0,0,0,0,0,0,0,0,0,0,0,0,0,0,1
"764","Z07A55",7,"speak","gujarati",NA,"gujarati",1,0,0,0,0,0,0,0,0,0,0,0,0,0,0,0,0,0,1
"765","Z07A55",7,"understand","hindi",NA,"hindi",0,1,0,0,0,0,0,0,0,0,0,0,0,0,0,0,0,0,1
"766","Z07A56",7,"friends_language","hindi gujarati",NA,"gujarati hindi",1,1,0,0,0,0,0,0,0,0,0,0,0,0,0,0,0,0,2
"767","Z07A56",7,"home_language","hindi",NA,"hindi",0,1,0,0,0,0,0,0,0,0,0,0,0,0,0,0,0,0,1
"768","Z07A56",7,"lang home and friends","hindi gujarati",NA,"gujarati hindi",1,1,0,0,0,0,0,0,0,0,0,0,0,0,0,0,0,0,2
"769","Z07A56",7,"lang1","hindi","from begin","hindi",0,1,0,0,0,0,0,0,0,0,0,0,0,0,0,0,0,0,1
"770","Z07A56",7,"lang2","marathi","from parents","marathi",0,0,0,1,0,0,0,0,0,0,0,0,0,0,0,0,0,0,1
"771","Z07A56",7,"lang3","gujarati","from friends","gujarati",1,0,0,0,0,0,0,0,0,0,0,0,0,0,0,0,0,0,1
"772","Z07A56",7,"lang4","english","from teachers","english",0,0,1,0,0,0,0,0,0,0,0,0,0,0,0,0,0,0,1
"773","Z07A56",7,"mother_tongue","hindi",NA,"hindi",0,1,0,0,0,0,0,0,0,0,0,0,0,0,0,0,0,0,1
"774","Z07A56",7,"speak","marathi english",NA,"english marathi",0,0,1,1,0,0,0,0,0,0,0,0,0,0,0,0,0,0,2
"775","Z07A56",7,"understand","gujarati",NA,"gujarati",1,0,0,0,0,0,0,0,0,0,0,0,0,0,0,0,0,0,1
"776","Z07A58",7,"friends_language","hindi english",NA,"english hindi",0,1,1,0,0,0,0,0,0,0,0,0,0,0,0,0,0,0,2
"777","Z07A58",7,"home_language","hindi",NA,"hindi",0,1,0,0,0,0,0,0,0,0,0,0,0,0,0,0,0,0,1
"778","Z07A58",7,"lang home and friends","hindi english",NA,"english hindi",0,1,1,0,0,0,0,0,0,0,0,0,0,0,0,0,0,0,2
"779","Z07A58",7,"lang1","gujarati","from neighours","gujarati",1,0,0,0,0,0,0,0,0,0,0,0,0,0,0,0,0,0,1
"780","Z07A58",7,"lang2","hindi","mother tongue","hindi",0,1,0,0,0,0,0,0,0,0,0,0,0,0,0,0,0,0,1
"781","Z07A58",7,"lang3","english","from school and tuition","english",0,0,1,0,0,0,0,0,0,0,0,0,0,0,0,0,0,0,1
"782","Z07A58",7,"lang4","sanskrit","from brother","sanskrit",0,0,0,0,0,0,0,0,0,0,0,0,0,0,0,0,0,1,1
"783","Z07A58",7,"mother_tongue","hindi",NA,"hindi",0,1,0,0,0,0,0,0,0,0,0,0,0,0,0,0,0,0,1
"784","Z07A58",7,"speak","hindi gujarati",NA,"gujarati hindi",1,1,0,0,0,0,0,0,0,0,0,0,0,0,0,0,0,0,2
"785","Z07A58",7,"understand","marathi telgu",NA,"marathi telgu",0,0,0,1,0,0,0,0,0,0,0,0,0,0,0,0,1,0,2
"786","Z07A59",7,"friends_language","gujarati hindi",NA,"gujarati hindi",1,1,0,0,0,0,0,0,0,0,0,0,0,0,0,0,0,0,2
"787","Z07A59",7,"home_language","gujarati",NA,"gujarati",1,0,0,0,0,0,0,0,0,0,0,0,0,0,0,0,0,0,1
"788","Z07A59",7,"lang home and friends","gujarati hindi",NA,"gujarati hindi",1,1,0,0,0,0,0,0,0,0,0,0,0,0,0,0,0,0,2
"789","Z07A59",7,"lang1","english","at school","english",0,0,1,0,0,0,0,0,0,0,0,0,0,0,0,0,0,0,1
"790","Z07A59",7,"lang2","hindi","from friends","hindi",0,1,0,0,0,0,0,0,0,0,0,0,0,0,0,0,0,0,1
"791","Z07A59",7,"lang3","gujarati","from starting","gujarati",1,0,0,0,0,0,0,0,0,0,0,0,0,0,0,0,0,0,1
"792","Z07A59",7,"lang4","marathi","by parents","marathi",0,0,0,1,0,0,0,0,0,0,0,0,0,0,0,0,0,0,1
"793","Z07A59",7,"lang5","rajasthani","brother and sisters","rajasthani",0,0,0,0,0,0,0,0,0,0,0,0,0,1,0,0,0,0,1
"794","Z07A59",7,"mother_tongue","gujarati",NA,"gujarati",1,0,0,0,0,0,0,0,0,0,0,0,0,0,0,0,0,0,1
"795","Z07A59",7,"speak","english hindi gujarati marathi",NA,"english gujarati hindi marathi",1,1,1,1,0,0,0,0,0,0,0,0,0,0,0,0,0,0,4
"796","Z07A59",7,"understand","rajasthani",NA,"rajasthani",0,0,0,0,0,0,0,0,0,0,0,0,0,1,0,0,0,0,1
"797","Z07B03",7,"friends_language","gujarati hindi",NA,"gujarati hindi",1,1,0,0,0,0,0,0,0,0,0,0,0,0,0,0,0,0,2
"798","Z07B03",7,"home_language","gujarati",NA,"gujarati",1,0,0,0,0,0,0,0,0,0,0,0,0,0,0,0,0,0,1
"799","Z07B03",7,"lang home and friends","gujarati hindi",NA,"gujarati hindi",1,1,0,0,0,0,0,0,0,0,0,0,0,0,0,0,0,0,2
"800","Z07B03",7,"lang1","gujarati","staff","gujarati",1,0,0,0,0,0,0,0,0,0,0,0,0,0,0,0,0,0,1
"801","Z07B03",7,"lang2","hindi","parents","hindi",0,1,0,0,0,0,0,0,0,0,0,0,0,0,0,0,0,0,1
"802","Z07B03",7,"lang3","marathi","neighbours","marathi",0,0,0,1,0,0,0,0,0,0,0,0,0,0,0,0,0,0,1
"803","Z07B03",7,"lang4","english","parents","english",0,0,1,0,0,0,0,0,0,0,0,0,0,0,0,0,0,0,1
"804","Z07B03",7,"mother_tongue","gujarati",NA,"gujarati",1,0,0,0,0,0,0,0,0,0,0,0,0,0,0,0,0,0,1
"805","Z07B03",7,"speak","gujarati hindi marathi",NA,"gujarati hindi marathi",1,1,0,1,0,0,0,0,0,0,0,0,0,0,0,0,0,0,3
"806","Z07B03",7,"understand","marathi",NA,"marathi",0,0,0,1,0,0,0,0,0,0,0,0,0,0,0,0,0,0,1
"807","Z07B05",7,"friends_language","hindi",NA,"hindi",0,1,0,0,0,0,0,0,0,0,0,0,0,0,0,0,0,0,1
"808","Z07B05",7,"home_language","hindi",NA,"hindi",0,1,0,0,0,0,0,0,0,0,0,0,0,0,0,0,0,0,1
"809","Z07B05",7,"lang home and friends","hindi",NA,"hindi",0,1,0,0,0,0,0,0,0,0,0,0,0,0,0,0,0,0,1
"810","Z07B05",7,"lang1","hindi","mother","hindi",0,1,0,0,0,0,0,0,0,0,0,0,0,0,0,0,0,0,1
"811","Z07B05",7,"lang2","english","grandfather","english",0,0,1,0,0,0,0,0,0,0,0,0,0,0,0,0,0,0,1
"812","Z07B05",7,"lang3","gujarati","sister","gujarati",1,0,0,0,0,0,0,0,0,0,0,0,0,0,0,0,0,0,1
"813","Z07B05",7,"mother_tongue","hindi",NA,"hindi",0,1,0,0,0,0,0,0,0,0,0,0,0,0,0,0,0,0,1
"814","Z07B05",7,"speak","hindi english gujarat",NA,"english gujarati hindi",1,1,1,0,0,0,0,0,0,0,0,0,0,0,0,0,0,0,3
"815","Z07B05",7,"understand","idk",NA,"idk",0,0,0,0,0,0,0,0,0,0,0,0,0,0,0,0,0,0,0
"816","Z07B06",7,"friends_language","hindi gujarati",NA,"gujarati hindi",1,1,0,0,0,0,0,0,0,0,0,0,0,0,0,0,0,0,2
"817","Z07B06",7,"home_language","hindi sindhi english gujarati",NA,"english gujarati hindi sindhi",1,1,1,0,0,1,0,0,0,0,0,0,0,0,0,0,0,0,4
"818","Z07B06",7,"lang home and friends","hindi gujarati sindhi english",NA,"english gujarati hindi sindhi",1,1,1,0,0,1,0,0,0,0,0,0,0,0,0,0,0,0,4
"819","Z07B06",7,"lang1","sindhi","by parents","sindhi",0,0,0,0,0,1,0,0,0,0,0,0,0,0,0,0,0,0,1
"820","Z07B06",7,"lang2","gujarati","by friends","gujarati",1,0,0,0,0,0,0,0,0,0,0,0,0,0,0,0,0,0,1
"821","Z07B06",7,"lang3","english","in school","english",0,0,1,0,0,0,0,0,0,0,0,0,0,0,0,0,0,0,1
"822","Z07B06",7,"lang4","hindi","by parents","hindi",0,1,0,0,0,0,0,0,0,0,0,0,0,0,0,0,0,0,1
"823","Z07B06",7,"mother_tongue","sindhi",NA,"sindhi",0,0,0,0,0,1,0,0,0,0,0,0,0,0,0,0,0,0,1
"824","Z07B06",7,"speak","sindhi gujarati english hindi",NA,"english gujarati hindi sindhi",1,1,1,0,0,1,0,0,0,0,0,0,0,0,0,0,0,0,4
"825","Z07B06",7,"understand","marathi",NA,"marathi",0,0,0,1,0,0,0,0,0,0,0,0,0,0,0,0,0,0,1
"826","Z07B07",7,"friends_language","hindi gujarati",NA,"gujarati hindi",1,1,0,0,0,0,0,0,0,0,0,0,0,0,0,0,0,0,2
"827","Z07B07",7,"home_language","marathi hindi",NA,"hindi marathi",0,1,0,1,0,0,0,0,0,0,0,0,0,0,0,0,0,0,2
"828","Z07B07",7,"lang home and friends","marathi hindi gujarati",NA,"gujarati hindi marathi",1,1,0,1,0,0,0,0,0,0,0,0,0,0,0,0,0,0,3
"829","Z07B07",7,"lang1","marathi","grandparents","marathi",0,0,0,1,0,0,0,0,0,0,0,0,0,0,0,0,0,0,1
"830","Z07B07",7,"lang2","gujarati","neighbours","gujarati",1,0,0,0,0,0,0,0,0,0,0,0,0,0,0,0,0,0,1
"831","Z07B07",7,"lang3","hindi","parents","hindi",0,1,0,0,0,0,0,0,0,0,0,0,0,0,0,0,0,0,1
"832","Z07B07",7,"lang4","english","school","english",0,0,1,0,0,0,0,0,0,0,0,0,0,0,0,0,0,0,1
"833","Z07B07",7,"lang5","punjabi","past school","punjabi",0,0,0,0,0,0,1,0,0,0,0,0,0,0,0,0,0,0,1
"834","Z07B07",7,"mother_tongue","marathi",NA,"marathi",0,0,0,1,0,0,0,0,0,0,0,0,0,0,0,0,0,0,1
"835","Z07B07",7,"speak","gujarati hindi marathi english",NA,"english gujarati hindi marathi",1,1,1,1,0,0,0,0,0,0,0,0,0,0,0,0,0,0,4
"836","Z07B07",7,"understand","punjabi",NA,"punjabi",0,0,0,0,0,0,1,0,0,0,0,0,0,0,0,0,0,0,1
"837","Z07B08",7,"friends_language","gujarati hindi english marathi",NA,"english gujarati hindi marathi",1,1,1,1,0,0,0,0,0,0,0,0,0,0,0,0,0,0,4
"838","Z07B08",7,"home_language","marathi",NA,"marathi",0,0,0,1,0,0,0,0,0,0,0,0,0,0,0,0,0,0,1
"839","Z07B08",7,"lang home and friends","marathi gujarati hindi english",NA,"english gujarati hindi marathi",1,1,1,1,0,0,0,0,0,0,0,0,0,0,0,0,0,0,4
"840","Z07B08",7,"lang1","marathi","from parents","marathi",0,0,0,1,0,0,0,0,0,0,0,0,0,0,0,0,0,0,1
"841","Z07B08",7,"lang2","hindi","from parents","hindi",0,1,0,0,0,0,0,0,0,0,0,0,0,0,0,0,0,0,1
"842","Z07B08",7,"lang3","gujarati","from parents","gujarati",1,0,0,0,0,0,0,0,0,0,0,0,0,0,0,0,0,0,1
"843","Z07B08",7,"lang4","english","from school","english",0,0,1,0,0,0,0,0,0,0,0,0,0,0,0,0,0,0,1
"844","Z07B08",7,"lang5","marwari","from friend","marwari",0,0,0,0,0,0,0,0,1,0,0,0,0,0,0,0,0,0,1
"845","Z07B08",7,"mother_tongue","marathi",NA,"marathi",0,0,0,1,0,0,0,0,0,0,0,0,0,0,0,0,0,0,1
"846","Z07B08",7,"speak","english gujarati marathi hindi",NA,"english gujarati hindi marathi",1,1,1,1,0,0,0,0,0,0,0,0,0,0,0,0,0,0,4
"847","Z07B08",7,"understand","marwari",NA,"marwari",0,0,0,0,0,0,0,0,1,0,0,0,0,0,0,0,0,0,1
"848","Z07B11",7,"friends_language","gujarati",NA,"gujarati",1,0,0,0,0,0,0,0,0,0,0,0,0,0,0,0,0,0,1
"849","Z07B11",7,"home_language","gujarati",NA,"gujarati",1,0,0,0,0,0,0,0,0,0,0,0,0,0,0,0,0,0,1
"850","Z07B11",7,"lang home and friends","gujarati",NA,"gujarati",1,0,0,0,0,0,0,0,0,0,0,0,0,0,0,0,0,0,1
"851","Z07B11",7,"lang1","english","father","english",0,0,1,0,0,0,0,0,0,0,0,0,0,0,0,0,0,0,1
"852","Z07B11",7,"lang2","hindi","father","hindi",0,1,0,0,0,0,0,0,0,0,0,0,0,0,0,0,0,0,1
"853","Z07B11",7,"lang3","gujarati","mother","gujarati",1,0,0,0,0,0,0,0,0,0,0,0,0,0,0,0,0,0,1
"854","Z07B11",7,"mother_tongue","gujarati",NA,"gujarati",1,0,0,0,0,0,0,0,0,0,0,0,0,0,0,0,0,0,1
"855","Z07B11",7,"speak","gujarati hindi english",NA,"english gujarati hindi",1,1,1,0,0,0,0,0,0,0,0,0,0,0,0,0,0,0,3
"856","Z07B12",7,"friends_language","hindi",NA,"hindi",0,1,0,0,0,0,0,0,0,0,0,0,0,0,0,0,0,0,1
"857","Z07B12",7,"home_language","hindi",NA,"hindi",0,1,0,0,0,0,0,0,0,0,0,0,0,0,0,0,0,0,1
"858","Z07B12",7,"lang home and friends","hindi",NA,"hindi",0,1,0,0,0,0,0,0,0,0,0,0,0,0,0,0,0,0,1
"859","Z07B12",7,"lang1","gujarati","school","gujarati",1,0,0,0,0,0,0,0,0,0,0,0,0,0,0,0,0,0,1
"860","Z07B12",7,"lang1","gujarati","from beggining","gujarati",1,0,0,0,0,0,0,0,0,0,0,0,0,0,0,0,0,0,1
"861","Z07B12",7,"lang2","hindi","parents","hindi",0,1,0,0,0,0,0,0,0,0,0,0,0,0,0,0,0,0,1
"862","Z07B12",7,"lang2","hindi","by teaching","hindi",0,1,0,0,0,0,0,0,0,0,0,0,0,0,0,0,0,0,1
"863","Z07B12",7,"lang3","english","school","english",0,0,1,0,0,0,0,0,0,0,0,0,0,0,0,0,0,0,1
"864","Z07B12",7,"lang3","english","by mother and teachers","english",0,0,1,0,0,0,0,0,0,0,0,0,0,0,0,0,0,0,1
"865","Z07B12",7,"mother_tongue","hindi",NA,"hindi",0,1,0,0,0,0,0,0,0,0,0,0,0,0,0,0,0,0,1
"866","Z07B12",7,"speak","hindi gujarat",NA,"gujarati hindi",1,1,0,0,0,0,0,0,0,0,0,0,0,0,0,0,0,0,2
"867","Z07B12",7,"speak","hindi gujarati",NA,"gujarati hindi",1,1,0,0,0,0,0,0,0,0,0,0,0,0,0,0,0,0,2
"868","Z07B12",7,"understand","english",NA,"english",0,0,1,0,0,0,0,0,0,0,0,0,0,0,0,0,0,0,1
"869","Z07B21",7,"friends_language","hindi",NA,"hindi",0,1,0,0,0,0,0,0,0,0,0,0,0,0,0,0,0,0,1
"870","Z07B21",7,"home_language","gujarati",NA,"gujarati",1,0,0,0,0,0,0,0,0,0,0,0,0,0,0,0,0,0,1
"871","Z07B21",7,"lang home and friends","gujarati hindi",NA,"gujarati hindi",1,1,0,0,0,0,0,0,0,0,0,0,0,0,0,0,0,0,2
"872","Z07B21",7,"lang1","gujarati","father","gujarati",1,0,0,0,0,0,0,0,0,0,0,0,0,0,0,0,0,0,1
"873","Z07B21",7,"lang2","hindi","father","hindi",0,1,0,0,0,0,0,0,0,0,0,0,0,0,0,0,0,0,1
"874","Z07B21",7,"mother_tongue","gujarati",NA,"gujarati",1,0,0,0,0,0,0,0,0,0,0,0,0,0,0,0,0,0,1
"875","Z07B21",7,"speak","hindi",NA,"hindi",0,1,0,0,0,0,0,0,0,0,0,0,0,0,0,0,0,0,1
"876","Z07B21",7,"understand","marathi english",NA,"english marathi",0,0,1,1,0,0,0,0,0,0,0,0,0,0,0,0,0,0,2
"877","Z07B38",7,"friends_language","hindi english gujarati",NA,"english gujarati hindi",1,1,1,0,0,0,0,0,0,0,0,0,0,0,0,0,0,0,3
"878","Z07B38",7,"home_language","gujarati",NA,"gujarati",1,0,0,0,0,0,0,0,0,0,0,0,0,0,0,0,0,0,1
"879","Z07B38",7,"lang home and friends","gujarati hindi english",NA,"english gujarati hindi",1,1,1,0,0,0,0,0,0,0,0,0,0,0,0,0,0,0,3
"880","Z07B38",7,"lang1","marathi","mom","marathi",0,0,0,1,0,0,0,0,0,0,0,0,0,0,0,0,0,0,1
"881","Z07B38",7,"lang2","gujarati","dad","gujarati",1,0,0,0,0,0,0,0,0,0,0,0,0,0,0,0,0,0,1
"882","Z07B38",7,"lang3","hindi","friends","hindi",0,1,0,0,0,0,0,0,0,0,0,0,0,0,0,0,0,0,1
"883","Z07B38",7,"lang4","english","teachers","english",0,0,1,0,0,0,0,0,0,0,0,0,0,0,0,0,0,0,1
"884","Z07B38",7,"mother_tongue","marathi",NA,"marathi",0,0,0,1,0,0,0,0,0,0,0,0,0,0,0,0,0,0,1
"885","Z07B38",7,"speak","gujarati english hindi",NA,"english gujarati hindi",1,1,1,0,0,0,0,0,0,0,0,0,0,0,0,0,0,0,3
"886","Z07B38",7,"understand","marathi",NA,"marathi",0,0,0,1,0,0,0,0,0,0,0,0,0,0,0,0,0,0,1
"887","Z07B39",7,"friends_language","hindi gujarati",NA,"gujarati hindi",1,1,0,0,0,0,0,0,0,0,0,0,0,0,0,0,0,0,2
"888","Z07B39",7,"home_language","gujarati polish",NA,"gujarati polish",1,0,0,0,0,0,0,0,0,0,0,0,0,0,0,0,0,1,2
"889","Z07B39",7,"lang home and friends","gujarati polish hindi",NA,"gujarati hindi polish",1,1,0,0,0,0,0,0,0,0,0,0,0,0,0,0,0,1,3
"890","Z07B39",7,"lang1","polish","I learn it","polish",0,0,0,0,0,0,0,0,0,0,0,0,0,0,0,0,0,1,1
"891","Z07B39",7,"lang2","english","from teachers, school","english",0,0,1,0,0,0,0,0,0,0,0,0,0,0,0,0,0,0,1
"892","Z07B39",7,"lang3","hindi","from friends","hindi",0,1,0,0,0,0,0,0,0,0,0,0,0,0,0,0,0,0,1
"893","Z07B39",7,"lang4","gujarati","from parents","gujarati",1,0,0,0,0,0,0,0,0,0,0,0,0,0,0,0,0,0,1
"894","Z07B39",7,"mother_tongue","gujarati",NA,"gujarati",1,0,0,0,0,0,0,0,0,0,0,0,0,0,0,0,0,0,1
"895","Z07B39",7,"speak","polish english hindi gujarati",NA,"english gujarati hindi polish",1,1,1,0,0,0,0,0,0,0,0,0,0,0,0,0,0,1,4
"896","Z07B39",7,"understand","marathi",NA,"marathi",0,0,0,1,0,0,0,0,0,0,0,0,0,0,0,0,0,0,1
"897","Z07B40",7,"friends_language","hindi gujarati marathi",NA,"gujarati hindi marathi",1,1,0,1,0,0,0,0,0,0,0,0,0,0,0,0,0,0,3
"898","Z07B40",7,"home_language","marathi",NA,"marathi",0,0,0,1,0,0,0,0,0,0,0,0,0,0,0,0,0,0,1
"899","Z07B40",7,"lang home and friends","marathi hindi gujarati",NA,"gujarati hindi marathi",1,1,0,1,0,0,0,0,0,0,0,0,0,0,0,0,0,0,3
"900","Z07B40",7,"lang1","marathi","parents","marathi",0,0,0,1,0,0,0,0,0,0,0,0,0,0,0,0,0,0,1
"901","Z07B40",7,"lang2","hindi","friends","hindi",0,1,0,0,0,0,0,0,0,0,0,0,0,0,0,0,0,0,1
"902","Z07B40",7,"lang3","english","school","english",0,0,1,0,0,0,0,0,0,0,0,0,0,0,0,0,0,0,1
"903","Z07B40",7,"lang4","gujarati","parents","gujarati",1,0,0,0,0,0,0,0,0,0,0,0,0,0,0,0,0,0,1
"904","Z07B40",7,"mother_tongue","marathi",NA,"marathi",0,0,0,1,0,0,0,0,0,0,0,0,0,0,0,0,0,0,1
"905","Z07B40",7,"speak","marathi hindi english gujarati",NA,"english gujarati hindi marathi",1,1,1,1,0,0,0,0,0,0,0,0,0,0,0,0,0,0,4
"906","Z07B40",7,"understand","idk",NA,"idk",0,0,0,0,0,0,0,0,0,0,0,0,0,0,0,0,0,0,0
"907","Z07B41",7,"friends_language","hindi gujarati",NA,"gujarati hindi",1,1,0,0,0,0,0,0,0,0,0,0,0,0,0,0,0,0,2
"908","Z07B41",7,"home_language","hindi",NA,"hindi",0,1,0,0,0,0,0,0,0,0,0,0,0,0,0,0,0,0,1
"909","Z07B41",7,"lang home and friends","hindi gujarati",NA,"gujarati hindi",1,1,0,0,0,0,0,0,0,0,0,0,0,0,0,0,0,0,2
"910","Z07B41",7,"lang1","hindi","","hindi",0,1,0,0,0,0,0,0,0,0,0,0,0,0,0,0,0,0,1
"911","Z07B41",7,"lang2","english","","english",0,0,1,0,0,0,0,0,0,0,0,0,0,0,0,0,0,0,1
"912","Z07B41",7,"lang3","marathi","parents","marathi",0,0,0,1,0,0,0,0,0,0,0,0,0,0,0,0,0,0,1
"913","Z07B41",7,"lang4","gujarati","parents","gujarati",1,0,0,0,0,0,0,0,0,0,0,0,0,0,0,0,0,0,1
"914","Z07B41",7,"mother_tongue","hindi",NA,"hindi",0,1,0,0,0,0,0,0,0,0,0,0,0,0,0,0,0,0,1
"915","Z07B41",7,"speak","hindi english gujarati",NA,"english gujarati hindi",1,1,1,0,0,0,0,0,0,0,0,0,0,0,0,0,0,0,3
"916","Z07B41",7,"understand","english marathi",NA,"english marathi",0,0,1,1,0,0,0,0,0,0,0,0,0,0,0,0,0,0,2
"917","Z07B42",7,"friends_language","gujaratihindi",NA,"gujarati hindi",1,1,0,0,0,0,0,0,0,0,0,0,0,0,0,0,0,0,2
"918","Z07B42",7,"home_language","gujarati",NA,"gujarati",1,0,0,0,0,0,0,0,0,0,0,0,0,0,0,0,0,0,1
"919","Z07B42",7,"lang1","gujarati","from beginning","gujarati",1,0,0,0,0,0,0,0,0,0,0,0,0,0,0,0,0,0,1
"920","Z07B42",7,"lang2","hindi","by teachers","hindi",0,1,0,0,0,0,0,0,0,0,0,0,0,0,0,0,0,0,1
"921","Z07B42",7,"lang3","english","by mother and teachers","english",0,0,1,0,0,0,0,0,0,0,0,0,0,0,0,0,0,0,1
"922","Z07B42",7,"mother_tongue","gujarati",NA,"gujarati",1,0,0,0,0,0,0,0,0,0,0,0,0,0,0,0,0,0,1
"923","Z07B42",7,"speak","gujarati hindi",NA,"gujarati hindi",1,1,0,0,0,0,0,0,0,0,0,0,0,0,0,0,0,0,2
"924","Z07B42",7,"understand","english",NA,"english",0,0,1,0,0,0,0,0,0,0,0,0,0,0,0,0,0,0,1
"925","Z07B43",7,"friends_language","gujarati hindi",NA,"gujarati hindi",1,1,0,0,0,0,0,0,0,0,0,0,0,0,0,0,0,0,2
"926","Z07B43",7,"home_language","marathi",NA,"marathi",0,0,0,1,0,0,0,0,0,0,0,0,0,0,0,0,0,0,1
"927","Z07B43",7,"lang home and friends","marathi gujarati hindi",NA,"gujarati hindi marathi",1,1,0,1,0,0,0,0,0,0,0,0,0,0,0,0,0,0,3
"928","Z07B43",7,"lang1","marathi","from parents","marathi",0,0,0,1,0,0,0,0,0,0,0,0,0,0,0,0,0,0,1
"929","Z07B43",7,"lang2","gujarati","from friends","gujarati",1,0,0,0,0,0,0,0,0,0,0,0,0,0,0,0,0,0,1
"930","Z07B43",7,"lang3","hindi","from parents","hindi",0,1,0,0,0,0,0,0,0,0,0,0,0,0,0,0,0,0,1
"931","Z07B43",7,"lang4","english","from teachers","english",0,0,1,0,0,0,0,0,0,0,0,0,0,0,0,0,0,0,1
"932","Z07B43",7,"mother_tongue","marathi",NA,"marathi",0,0,0,1,0,0,0,0,0,0,0,0,0,0,0,0,0,0,1
"933","Z07B43",7,"speak","marathi gujarati hindi",NA,"gujarati hindi marathi",1,1,0,1,0,0,0,0,0,0,0,0,0,0,0,0,0,0,3
"934","Z07B43",7,"understand","english",NA,"english",0,0,1,0,0,0,0,0,0,0,0,0,0,0,0,0,0,0,1
"935","Z07B48",7,"friends_language","hindi gujarati",NA,"gujarati hindi",1,1,0,0,0,0,0,0,0,0,0,0,0,0,0,0,0,0,2
"936","Z07B48",7,"home_language","gujarati",NA,"gujarati",1,0,0,0,0,0,0,0,0,0,0,0,0,0,0,0,0,0,1
"937","Z07B48",7,"lang home and friends","gujarati hindi",NA,"gujarati hindi",1,1,0,0,0,0,0,0,0,0,0,0,0,0,0,0,0,0,2
"938","Z07B48",7,"lang1","gujarati","by parents","gujarati",1,0,0,0,0,0,0,0,0,0,0,0,0,0,0,0,0,0,1
"939","Z07B48",7,"lang2","hindi","by friends","hindi",0,1,0,0,0,0,0,0,0,0,0,0,0,0,0,0,0,0,1
"940","Z07B48",7,"lang3","english","by teacher","english",0,0,1,0,0,0,0,0,0,0,0,0,0,0,0,0,0,0,1
"941","Z07B48",7,"lang4","memon","by friends","memon",0,0,0,0,0,0,0,0,0,0,0,1,0,0,0,0,0,0,1
"942","Z07B48",7,"mother_tongue","gujarati",NA,"gujarati",1,0,0,0,0,0,0,0,0,0,0,0,0,0,0,0,0,0,1
"943","Z07B48",7,"speak","gujarati hindi english",NA,"english gujarati hindi",1,1,1,0,0,0,0,0,0,0,0,0,0,0,0,0,0,0,3
"944","Z07B48",7,"understand","english hindi memon",NA,"english hindi memon",0,1,1,0,0,0,0,0,0,0,0,1,0,0,0,0,0,0,3
"945","Z07B55",7,"friends_language","hindi gujarati",NA,"gujarati hindi",1,1,0,0,0,0,0,0,0,0,0,0,0,0,0,0,0,0,2
"946","Z07B55",7,"home_language","hindi",NA,"hindi",0,1,0,0,0,0,0,0,0,0,0,0,0,0,0,0,0,0,1
"947","Z07B55",7,"lang home and friends","hindi gujarati",NA,"gujarati hindi",1,1,0,0,0,0,0,0,0,0,0,0,0,0,0,0,0,0,2
"948","Z07B55",7,"lang1","hindi","by my parents","hindi",0,1,0,0,0,0,0,0,0,0,0,0,0,0,0,0,0,0,1
"949","Z07B55",7,"lang2","gujarati","my school","gujarati",1,0,0,0,0,0,0,0,0,0,0,0,0,0,0,0,0,0,1
"950","Z07B55",7,"mother_tongue","hindi",NA,"hindi",0,1,0,0,0,0,0,0,0,0,0,0,0,0,0,0,0,0,1
"951","Z07B55",7,"speak","hindi",NA,"hindi",0,1,0,0,0,0,0,0,0,0,0,0,0,0,0,0,0,0,1
"952","Z07B55",7,"understand","gujarati",NA,"gujarati",1,0,0,0,0,0,0,0,0,0,0,0,0,0,0,0,0,0,1
