"","id","language","correct","id_correct"
"1","Z03C07","Marathi",0,0
"2","Z05C10","Marathi",0,0
"3","Z03C04","Marathi",0,0
"4","Z03C49","Marathi",0,0
"5","Z05C06","Marathi",0,0
"6","Z05C45","Marathi",0,0
"7","Z05C50","Marathi",0,0
"8","Z07A09","Marathi",0,0
"9","Z07A10","Marathi",1,1
"10","Z07A12","Marathi",1,1
"11","Z07A13","Marathi",1,1
"12","Z07A14","Marathi",1,1
"13","Z07A40","Marathi",0,0
"14","Z07A45","Marathi",1,1
"15","Z07A55","Marathi",1,1
"16","Z07A59","Marathi",1,1
"17","Z07B03","Marathi",1,1
"18","Z07B11","Marathi",0,0
"19","Z07B21","Marathi",1,1
"20","Z07B38","Marathi",1,1
"21","Z07B48","Marathi",1,1
"22","Z05B11","Marathi",1,1
"23","Z05B55","Marathi",1,1
"24","Z05B12","Marathi",1,1
"25","Z05B19","Marathi",1,1
"26","Z07A05","Marathi",1,1
"27","Z05B17","Marathi",1,1
"28","Z07A42","Marathi",0,0
"29","Z07B39","Marathi",1,1
"30","Z05C44","Marathi",1,1
"31","Z03C01","Marathi",0,0
"32","Z03C02","Marathi",0,0
"33","Z03C43","Marathi",0,0
"34","Z03C44","Marathi",1,1
"35","Z03C46","Marathi",1,1
"36","Z05B05","Marathi",0,0
"37","Z05B20","Marathi",1,1
"38","Z05C48","Marathi",0,0
"39","Z05C56","Marathi",1,1
"40","Z07A11","Marathi",1,1
"41","Z07A16","Marathi",0,0
"42","Z07A18","Marathi",1,1
"43","Z07A19","Marathi",1,1
"44","Z07A20","Marathi",1,1
"45","Z07A21","Marathi",1,1
"46","Z07A41","Marathi",1,1
"47","Z07A43","Marathi",1,1
"48","Z07A46","Marathi",1,1
"49","Z07A48","Marathi",1,1
"50","Z07A51","Marathi",0,0
"51","Z07A56","Marathi",1,1
"52","Z07A58","Marathi",1,1
"53","Z07B05","Marathi",1,1
"54","Z07B12","Marathi",0,0
"55","Z07B41","Marathi",1,1
"56","Z07B55","Marathi",1,1
"57","Z07A02","Marathi",0,0
"58","Z05C46","Marathi",1,1
"59","Z07A39","Marathi",1,1
"60","Z07A50","Marathi",1,1
"61","Z03C47","Marathi",1,1
"62","Z07B06","Marathi",1,1
"63","Z05B56","Marathi",1,1
"64","Z03C48","Marathi",0,0
"65","Z03C10","Marathi",1,1
"66","Z03C14","Marathi",0,0
"67","Z05B62","Marathi",1,1
"68","Z05C04","Marathi",1,1
"69","Z05C09","Marathi",1,1
"70","Z05C49","Marathi",1,1
"71","Z07A01","Marathi",1,1
"72","Z07A04","Marathi",1,1
"73","Z07A06","Marathi",1,1
"74","Z07A47","Marathi",1,1
"75","Z07B08","Marathi",1,1
"76","Z07B40","Marathi",1,1
"77","Z07B43","Marathi",1,1
"78","Z07B07","Marathi",1,1
"79","Z05B49","Marathi",NA,NA
"80","Z05B32","Marathi",NA,NA
"81","Z03C07","English (U.S.)",1,1
"82","Z05C10","English (U.S.)",1,1
"83","Z03C04","English (U.S.)",1,1
"84","Z03C49","English (U.S.)",1,1
"85","Z05C06","English (U.S.)",1,1
"86","Z05C45","English (U.S.)",1,1
"87","Z05C50","English (U.S.)",1,1
"88","Z07A09","English (U.S.)",1,1
"89","Z07A10","English (U.S.)",1,1
"90","Z07A12","English (U.S.)",1,1
"91","Z07A13","English (U.S.)",1,1
"92","Z07A14","English (U.S.)",1,1
"93","Z07A40","English (U.S.)",1,1
"94","Z07A45","English (U.S.)",1,1
"95","Z07A55","English (U.S.)",1,1
"96","Z07A59","English (U.S.)",1,1
"97","Z07B03","English (U.S.)",1,1
"98","Z07B11","English (U.S.)",1,1
"99","Z07B21","English (U.S.)",1,1
"100","Z07B38","English (U.S.)",1,1
"101","Z07B48","English (U.S.)",1,1
"102","Z05B11","English (U.S.)",1,1
"103","Z05B55","English (U.S.)",1,1
"104","Z05B12","English (U.S.)",1,1
"105","Z05B19","English (U.S.)",1,1
"106","Z07A05","English (U.S.)",1,1
"107","Z05B17","English (U.S.)",1,1
"108","Z07A42","English (U.S.)",1,1
"109","Z07B39","English (U.S.)",1,1
"110","Z05C44","English (U.S.)",1,1
"111","Z03C01","English (U.S.)",1,1
"112","Z03C02","English (U.S.)",0,0
"113","Z03C43","English (U.S.)",1,1
"114","Z03C44","English (U.S.)",1,1
"115","Z03C46","English (U.S.)",1,1
"116","Z05B05","English (U.S.)",1,1
"117","Z05B20","English (U.S.)",1,1
"118","Z05C48","English (U.S.)",1,1
"119","Z05C56","English (U.S.)",1,1
"120","Z07A11","English (U.S.)",1,1
"121","Z07A16","English (U.S.)",1,1
"122","Z07A18","English (U.S.)",1,1
"123","Z07A19","English (U.S.)",1,1
"124","Z07A20","English (U.S.)",1,1
"125","Z07A21","English (U.S.)",1,1
"126","Z07A41","English (U.S.)",1,1
"127","Z07A43","English (U.S.)",1,1
"128","Z07A46","English (U.S.)",0,0
"129","Z07A48","English (U.S.)",1,1
"130","Z07A51","English (U.S.)",1,1
"131","Z07A56","English (U.S.)",1,1
"132","Z07A58","English (U.S.)",1,1
"133","Z07B05","English (U.S.)",0,0
"134","Z07B12","English (U.S.)",1,1
"135","Z07B41","English (U.S.)",1,1
"136","Z07B55","English (U.S.)",1,1
"137","Z07A02","English (U.S.)",1,1
"138","Z05C46","English (U.S.)",1,1
"139","Z07A39","English (U.S.)",1,1
"140","Z07A50","English (U.S.)",1,1
"141","Z03C47","English (U.S.)",1,1
"142","Z07B06","English (U.S.)",1,1
"143","Z05B56","English (U.S.)",1,1
"144","Z03C48","English (U.S.)",1,1
"145","Z03C10","English (U.S.)",1,1
"146","Z03C14","English (U.S.)",1,1
"147","Z05B62","English (U.S.)",1,1
"148","Z05C04","English (U.S.)",1,1
"149","Z05C09","English (U.S.)",1,1
"150","Z05C49","English (U.S.)",1,1
"151","Z07A01","English (U.S.)",1,1
"152","Z07A04","English (U.S.)",1,1
"153","Z07A06","English (U.S.)",1,1
"154","Z07A47","English (U.S.)",1,1
"155","Z07B08","English (U.S.)",1,1
"156","Z07B40","English (U.S.)",1,1
"157","Z07B43","English (U.S.)",1,1
"158","Z07B07","English (U.S.)",0,0
"159","Z05B49","English (U.S.)",NA,NA
"160","Z05B32","English (U.S.)",NA,NA
"161","Z03C07","Hindi",0,0
"162","Z05C10","Hindi",1,1
"163","Z03C04","Hindi",1,1
"164","Z03C49","Hindi",1,1
"165","Z05C06","Hindi",1,1
"166","Z05C45","Hindi",1,1
"167","Z05C50","Hindi",1,1
"168","Z07A09","Hindi",1,1
"169","Z07A10","Hindi",1,1
"170","Z07A12","Hindi",1,1
"171","Z07A13","Hindi",1,1
"172","Z07A14","Hindi",1,1
"173","Z07A40","Hindi",1,1
"174","Z07A45","Hindi",1,1
"175","Z07A55","Hindi",1,1
"176","Z07A59","Hindi",1,1
"177","Z07B03","Hindi",1,1
"178","Z07B11","Hindi",0,0
"179","Z07B21","Hindi",1,1
"180","Z07B38","Hindi",1,1
"181","Z07B48","Hindi",1,1
"182","Z05B11","Hindi",1,1
"183","Z05B55","Hindi",1,1
"184","Z05B12","Hindi",1,1
"185","Z05B19","Hindi",1,1
"186","Z07A05","Hindi",1,1
"187","Z05B17","Hindi",1,1
"188","Z07A42","Hindi",1,1
"189","Z07B39","Hindi",1,1
"190","Z05C44","Hindi",1,1
"191","Z03C01","Hindi",1,1
"192","Z03C02","Hindi",0,0
"193","Z03C43","Hindi",0,0
"194","Z03C44","Hindi",1,1
"195","Z03C46","Hindi",1,1
"196","Z05B05","Hindi",1,1
"197","Z05B20","Hindi",1,1
"198","Z05C48","Hindi",0,0
"199","Z05C56","Hindi",1,1
"200","Z07A11","Hindi",1,1
"201","Z07A16","Hindi",1,1
"202","Z07A18","Hindi",1,1
"203","Z07A19","Hindi",1,1
"204","Z07A20","Hindi",1,1
"205","Z07A21","Hindi",0,0
"206","Z07A41","Hindi",1,1
"207","Z07A43","Hindi",1,1
"208","Z07A46","Hindi",1,1
"209","Z07A48","Hindi",1,1
"210","Z07A51","Hindi",0,0
"211","Z07A56","Hindi",1,1
"212","Z07A58","Hindi",1,1
"213","Z07B05","Hindi",1,1
"214","Z07B12","Hindi",1,1
"215","Z07B41","Hindi",1,1
"216","Z07B55","Hindi",1,1
"217","Z07A02","Hindi",1,1
"218","Z05C46","Hindi",1,1
"219","Z07A39","Hindi",1,1
"220","Z07A50","Hindi",1,1
"221","Z03C47","Hindi",1,1
"222","Z07B06","Hindi",1,1
"223","Z05B56","Hindi",1,1
"224","Z03C48","Hindi",1,1
"225","Z03C10","Hindi",1,1
"226","Z03C14","Hindi",1,1
"227","Z05B62","Hindi",1,1
"228","Z05C04","Hindi",1,1
"229","Z05C09","Hindi",1,1
"230","Z05C49","Hindi",1,1
"231","Z07A01","Hindi",0,0
"232","Z07A04","Hindi",1,1
"233","Z07A06","Hindi",1,1
"234","Z07A47","Hindi",1,1
"235","Z07B08","Hindi",1,1
"236","Z07B40","Hindi",1,1
"237","Z07B43","Hindi",1,1
"238","Z07B07","Hindi",0,0
"239","Z05B49","Hindi",NA,NA
"240","Z05B32","Hindi",NA,NA
"241","Z03C07","Gujarati",1,1
"242","Z05C10","Gujarati",1,1
"243","Z03C04","Gujarati",1,1
"244","Z03C49","Gujarati",1,1
"245","Z05C06","Gujarati",1,1
"246","Z05C45","Gujarati",1,1
"247","Z05C50","Gujarati",1,1
"248","Z07A09","Gujarati",1,1
"249","Z07A10","Gujarati",1,1
"250","Z07A12","Gujarati",1,1
"251","Z07A13","Gujarati",1,1
"252","Z07A14","Gujarati",1,1
"253","Z07A40","Gujarati",1,1
"254","Z07A45","Gujarati",1,1
"255","Z07A55","Gujarati",1,1
"256","Z07A59","Gujarati",1,1
"257","Z07B03","Gujarati",1,1
"258","Z07B11","Gujarati",0,0
"259","Z07B21","Gujarati",1,1
"260","Z07B38","Gujarati",1,1
"261","Z07B48","Gujarati",1,1
"262","Z05B11","Gujarati",1,1
"263","Z05B55","Gujarati",1,1
"264","Z05B12","Gujarati",1,1
"265","Z05B19","Gujarati",0,0
"266","Z07A05","Gujarati",1,1
"267","Z05B17","Gujarati",1,1
"268","Z07A42","Gujarati",1,1
"269","Z07B39","Gujarati",1,1
"270","Z05C44","Gujarati",1,1
"271","Z03C01","Gujarati",0,0
"272","Z03C02","Gujarati",0,0
"273","Z03C43","Gujarati",1,1
"274","Z03C44","Gujarati",1,1
"275","Z03C46","Gujarati",0,0
"276","Z05B05","Gujarati",1,1
"277","Z05B20","Gujarati",1,1
"278","Z05C48","Gujarati",0,0
"279","Z05C56","Gujarati",0,0
"280","Z07A11","Gujarati",1,1
"281","Z07A16","Gujarati",1,1
"282","Z07A18","Gujarati",1,1
"283","Z07A19","Gujarati",1,1
"284","Z07A20","Gujarati",1,1
"285","Z07A21","Gujarati",1,1
"286","Z07A41","Gujarati",1,1
"287","Z07A43","Gujarati",1,1
"288","Z07A46","Gujarati",1,1
"289","Z07A48","Gujarati",1,1
"290","Z07A51","Gujarati",1,1
"291","Z07A56","Gujarati",1,1
"292","Z07A58","Gujarati",1,1
"293","Z07B05","Gujarati",0,0
"294","Z07B12","Gujarati",1,1
"295","Z07B41","Gujarati",1,1
"296","Z07B55","Gujarati",0,0
"297","Z07A02","Gujarati",1,1
"298","Z05C46","Gujarati",1,1
"299","Z07A39","Gujarati",1,1
"300","Z07A50","Gujarati",1,1
"301","Z03C47","Gujarati",0,0
"302","Z07B06","Gujarati",1,1
"303","Z05B56","Gujarati",1,1
"304","Z03C48","Gujarati",1,1
"305","Z03C10","Gujarati",1,1
"306","Z03C14","Gujarati",1,1
"307","Z05B62","Gujarati",1,1
"308","Z05C04","Gujarati",1,1
"309","Z05C09","Gujarati",1,1
"310","Z05C49","Gujarati",1,1
"311","Z07A01","Gujarati",1,1
"312","Z07A04","Gujarati",1,1
"313","Z07A06","Gujarati",1,1
"314","Z07A47","Gujarati",1,1
"315","Z07B08","Gujarati",1,1
"316","Z07B40","Gujarati",1,1
"317","Z07B43","Gujarati",1,1
"318","Z07B07","Gujarati",1,1
"319","Z05B49","Gujarati",NA,NA
"320","Z05B32","Gujarati",NA,NA
"321","Z03C07","English (India)",0,0
"322","Z05C10","English (India)",0,0
"323","Z03C04","English (India)",1,1
"324","Z03C49","English (India)",1,1
"325","Z05C06","English (India)",1,1
"326","Z05C45","English (India)",1,1
"327","Z05C50","English (India)",1,1
"328","Z07A09","English (India)",1,1
"329","Z07A10","English (India)",1,1
"330","Z07A12","English (India)",0,0
"331","Z07A13","English (India)",1,1
"332","Z07A14","English (India)",0,0
"333","Z07A40","English (India)",1,1
"334","Z07A45","English (India)",0,0
"335","Z07A55","English (India)",1,1
"336","Z07A59","English (India)",1,1
"337","Z07B03","English (India)",0,0
"338","Z07B11","English (India)",1,1
"339","Z07B21","English (India)",1,1
"340","Z07B38","English (India)",1,1
"341","Z07B48","English (India)",1,1
"342","Z05B11","English (India)",0,0
"343","Z05B55","English (India)",1,1
"344","Z05B12","English (India)",1,1
"345","Z05B19","English (India)",1,1
"346","Z07A05","English (India)",1,1
"347","Z05B17","English (India)",1,1
"348","Z07A42","English (India)",1,1
"349","Z07B39","English (India)",1,1
"350","Z05C44","English (India)",1,1
"351","Z03C01","English (India)",1,1
"352","Z03C02","English (India)",1,1
"353","Z03C43","English (India)",1,1
"354","Z03C44","English (India)",1,1
"355","Z03C46","English (India)",1,1
"356","Z05B05","English (India)",1,1
"357","Z05B20","English (India)",1,1
"358","Z05C48","English (India)",0,0
"359","Z05C56","English (India)",0,0
"360","Z07A11","English (India)",1,1
"361","Z07A16","English (India)",1,1
"362","Z07A18","English (India)",0,0
"363","Z07A19","English (India)",1,1
"364","Z07A20","English (India)",1,1
"365","Z07A21","English (India)",0,0
"366","Z07A41","English (India)",1,1
"367","Z07A43","English (India)",1,1
"368","Z07A46","English (India)",0,0
"369","Z07A48","English (India)",1,1
"370","Z07A51","English (India)",1,1
"371","Z07A56","English (India)",1,1
"372","Z07A58","English (India)",1,1
"373","Z07B05","English (India)",1,1
"374","Z07B12","English (India)",1,1
"375","Z07B41","English (India)",0,0
"376","Z07B55","English (India)",1,1
"377","Z07A02","English (India)",1,1
"378","Z05C46","English (India)",0,0
"379","Z07A39","English (India)",1,1
"380","Z07A50","English (India)",1,1
"381","Z03C47","English (India)",1,1
"382","Z07B06","English (India)",1,1
"383","Z05B56","English (India)",1,1
"384","Z03C48","English (India)",1,1
"385","Z03C10","English (India)",1,1
"386","Z03C14","English (India)",1,1
"387","Z05B62","English (India)",1,1
"388","Z05C04","English (India)",1,1
"389","Z05C09","English (India)",1,1
"390","Z05C49","English (India)",1,1
"391","Z07A01","English (India)",1,1
"392","Z07A04","English (India)",1,1
"393","Z07A06","English (India)",1,1
"394","Z07A47","English (India)",1,1
"395","Z07B08","English (India)",1,1
"396","Z07B40","English (India)",1,1
"397","Z07B43","English (India)",0,0
"398","Z07B07","English (India)",0,0
"399","Z05B49","English (India)",NA,NA
"400","Z05B32","English (India)",NA,NA
"401","Z03C07","Mandarin",1,1
"402","Z05C10","Mandarin",1,1
"403","Z03C04","Mandarin",1,1
"404","Z03C49","Mandarin",1,1
"405","Z05C06","Mandarin",1,1
"406","Z05C45","Mandarin",0,0
"407","Z05C50","Mandarin",0,0
"408","Z07A09","Mandarin",1,1
"409","Z07A10","Mandarin",1,1
"410","Z07A12","Mandarin",1,1
"411","Z07A13","Mandarin",1,1
"412","Z07A14","Mandarin",1,1
"413","Z07A40","Mandarin",0,0
"414","Z07A45","Mandarin",1,1
"415","Z07A55","Mandarin",1,1
"416","Z07A59","Mandarin",1,1
"417","Z07B03","Mandarin",1,1
"418","Z07B11","Mandarin",1,1
"419","Z07B21","Mandarin",0,0
"420","Z07B38","Mandarin",0,0
"421","Z07B48","Mandarin",0,0
"422","Z05B11","Mandarin",0,0
"423","Z05B55","Mandarin",1,1
"424","Z05B12","Mandarin",1,1
"425","Z05B19","Mandarin",1,1
"426","Z07A05","Mandarin",1,1
"427","Z05B17","Mandarin",1,1
"428","Z07A42","Mandarin",1,1
"429","Z07B39","Mandarin",1,1
"430","Z05C44","Mandarin",1,1
"431","Z03C01","Mandarin",0,0
"432","Z03C02","Mandarin",0,0
"433","Z03C43","Mandarin",1,1
"434","Z03C44","Mandarin",1,1
"435","Z03C46","Mandarin",1,1
"436","Z05B05","Mandarin",1,1
"437","Z05B20","Mandarin",1,1
"438","Z05C48","Mandarin",0,0
"439","Z05C56","Mandarin",0,0
"440","Z07A11","Mandarin",0,0
"441","Z07A16","Mandarin",1,1
"442","Z07A18","Mandarin",1,1
"443","Z07A19","Mandarin",1,1
"444","Z07A20","Mandarin",1,1
"445","Z07A21","Mandarin",1,1
"446","Z07A41","Mandarin",1,1
"447","Z07A43","Mandarin",1,1
"448","Z07A46","Mandarin",1,1
"449","Z07A48","Mandarin",1,1
"450","Z07A51","Mandarin",1,1
"451","Z07A56","Mandarin",1,1
"452","Z07A58","Mandarin",1,1
"453","Z07B05","Mandarin",1,1
"454","Z07B12","Mandarin",0,0
"455","Z07B41","Mandarin",0,0
"456","Z07B55","Mandarin",0,0
"457","Z07A02","Mandarin",1,1
"458","Z05C46","Mandarin",0,0
"459","Z07A39","Mandarin",1,1
"460","Z07A50","Mandarin",1,1
"461","Z03C47","Mandarin",0,0
"462","Z07B06","Mandarin",1,1
"463","Z05B56","Mandarin",1,1
"464","Z03C48","Mandarin",0,0
"465","Z03C10","Mandarin",1,1
"466","Z03C14","Mandarin",1,1
"467","Z05B62","Mandarin",1,1
"468","Z05C04","Mandarin",1,1
"469","Z05C09","Mandarin",1,1
"470","Z05C49","Mandarin",1,1
"471","Z07A01","Mandarin",1,1
"472","Z07A04","Mandarin",1,1
"473","Z07A06","Mandarin",1,1
"474","Z07A47","Mandarin",1,1
"475","Z07B08","Mandarin",1,1
"476","Z07B40","Mandarin",1,1
"477","Z07B43","Mandarin",1,1
"478","Z07B07","Mandarin",0,0
"479","Z05B49","Mandarin",NA,NA
"480","Z05B32","Mandarin",NA,NA
"481","Z03C07","Tamil",0,0
"482","Z05C10","Tamil",0,0
"483","Z03C04","Tamil",0,0
"484","Z03C49","Tamil",0,0
"485","Z05C06","Tamil",1,1
"486","Z05C45","Tamil",1,1
"487","Z05C50","Tamil",1,1
"488","Z07A09","Tamil",0,0
"489","Z07A10","Tamil",0,0
"490","Z07A12","Tamil",0,0
"491","Z07A13","Tamil",1,1
"492","Z07A14","Tamil",0,0
"493","Z07A40","Tamil",0,0
"494","Z07A45","Tamil",0,0
"495","Z07A55","Tamil",0,0
"496","Z07A59","Tamil",0,0
"497","Z07B03","Tamil",0,0
"498","Z07B11","Tamil",1,1
"499","Z07B21","Tamil",1,1
"500","Z07B38","Tamil",0,0
"501","Z07B48","Tamil",1,1
"502","Z05B11","Tamil",0,0
"503","Z05B55","Tamil",1,1
"504","Z05B12","Tamil",1,1
"505","Z05B19","Tamil",1,1
"506","Z07A05","Tamil",1,1
"507","Z05B17","Tamil",1,1
"508","Z07A42","Tamil",0,0
"509","Z07B39","Tamil",1,1
"510","Z05C44","Tamil",1,1
"511","Z03C01","Tamil",0,0
"512","Z03C02","Tamil",0,0
"513","Z03C43","Tamil",0,0
"514","Z03C44","Tamil",0,0
"515","Z03C46","Tamil",0,0
"516","Z05B05","Tamil",1,1
"517","Z05B20","Tamil",1,1
"518","Z05C48","Tamil",0,0
"519","Z05C56","Tamil",1,1
"520","Z07A11","Tamil",0,0
"521","Z07A16","Tamil",0,0
"522","Z07A18","Tamil",0,0
"523","Z07A19","Tamil",0,0
"524","Z07A20","Tamil",0,0
"525","Z07A21","Tamil",0,0
"526","Z07A41","Tamil",0,0
"527","Z07A43","Tamil",1,1
"528","Z07A46","Tamil",0,0
"529","Z07A48","Tamil",0,0
"530","Z07A51","Tamil",0,0
"531","Z07A56","Tamil",1,1
"532","Z07A58","Tamil",1,1
"533","Z07B05","Tamil",0,0
"534","Z07B12","Tamil",0,0
"535","Z07B41","Tamil",0,0
"536","Z07B55","Tamil",0,0
"537","Z07A02","Tamil",0,0
"538","Z05C46","Tamil",0,0
"539","Z07A39","Tamil",0,0
"540","Z07A50","Tamil",0,0
"541","Z03C47","Tamil",0,0
"542","Z07B06","Tamil",1,1
"543","Z05B56","Tamil",1,1
"544","Z03C48","Tamil",1,1
"545","Z03C10","Tamil",0,0
"546","Z03C14","Tamil",0,0
"547","Z05B62","Tamil",1,1
"548","Z05C04","Tamil",1,1
"549","Z05C09","Tamil",0,0
"550","Z05C49","Tamil",1,1
"551","Z07A01","Tamil",1,1
"552","Z07A04","Tamil",0,0
"553","Z07A06","Tamil",0,0
"554","Z07A06","Tamil",0,0
"555","Z07A47","Tamil",0,0
"556","Z07B08","Tamil",0,0
"557","Z07B40","Tamil",0,0
"558","Z07B43","Tamil",0,0
"559","Z07B07","Tamil",0,0
"560","Z05B49","Tamil",NA,NA
"561","Z05B32","Tamil",NA,NA
"562","Z03C07","Urdu",0,0
"563","Z05C10","Urdu",0,0
"564","Z03C04","Urdu",0,0
"565","Z03C49","Urdu",0,0
"566","Z05C06","Urdu",0,0
"567","Z05C45","Urdu",0,0
"568","Z05C50","Urdu",0,0
"569","Z07A09","Urdu",0,0
"570","Z07A10","Urdu",0,0
"571","Z07A12","Urdu",0,0
"572","Z07A13","Urdu",1,1
"573","Z07A14","Urdu",0,0
"574","Z07A40","Urdu",0,0
"575","Z07A45","Urdu",0,0
"576","Z07A55","Urdu",0,0
"577","Z07A59","Urdu",0,0
"578","Z07B03","Urdu",0,0
"579","Z07B11","Urdu",1,1
"580","Z07B21","Urdu",0,0
"581","Z07B38","Urdu",0,0
"582","Z07B48","Urdu",0,0
"583","Z05B11","Urdu",0,0
"584","Z05B55","Urdu",0,0
"585","Z05B12","Urdu",0,0
"586","Z05B19","Urdu",0,0
"587","Z07A05","Urdu",0,0
"588","Z05B17","Urdu",0,0
"589","Z07A42","Urdu",0,0
"590","Z07B39","Urdu",0,0
"591","Z05C44","Urdu",0,0
"592","Z03C01","Urdu",1,1
"593","Z03C02","Urdu",0,0
"594","Z03C43","Urdu",0,0
"595","Z03C44","Urdu",0,0
"596","Z03C46","Urdu",1,1
"597","Z05B05","Urdu",0,0
"598","Z05B20","Urdu",0,0
"599","Z05C48","Urdu",1,1
"600","Z05C56","Urdu",0,0
"601","Z07A11","Urdu",0,0
"602","Z07A16","Urdu",0,0
"603","Z07A18","Urdu",0,0
"604","Z07A19","Urdu",0,0
"605","Z07A20","Urdu",0,0
"606","Z07A21","Urdu",0,0
"607","Z07A41","Urdu",0,0
"608","Z07A43","Urdu",0,0
"609","Z07A46","Urdu",0,0
"610","Z07A48","Urdu",0,0
"611","Z07A51","Urdu",0,0
"612","Z07A56","Urdu",0,0
"613","Z07A58","Urdu",0,0
"614","Z07B05","Urdu",0,0
"615","Z07B12","Urdu",0,0
"616","Z07B41","Urdu",0,0
"617","Z07B55","Urdu",0,0
"618","Z07A02","Urdu",0,0
"619","Z05C46","Urdu",0,0
"620","Z07A39","Urdu",0,0
"621","Z07A50","Urdu",0,0
"622","Z03C47","Urdu",0,0
"623","Z07B06","Urdu",0,0
"624","Z05B56","Urdu",0,0
"625","Z03C48","Urdu",0,0
"626","Z03C10","Urdu",0,0
"627","Z03C14","Urdu",0,0
"628","Z05B62","Urdu",0,0
"629","Z05C04","Urdu",0,0
"630","Z05C09","Urdu",0,0
"631","Z05C49","Urdu",0,0
"632","Z07A01","Urdu",0,0
"633","Z07A04","Urdu",0,0
"634","Z07A06","Urdu",0,0
"635","Z07A06","Urdu",1,1
"636","Z07A47","Urdu",0,0
"637","Z07B08","Urdu",0,0
"638","Z07B40","Urdu",0,0
"639","Z07B43","Urdu",0,0
"640","Z07B07","Urdu",0,0
"641","Z05B49","Urdu",NA,NA
"642","Z05B32","Urdu",NA,NA
"643","Z05B46","Marathi",0,0
"644","Z03A51","Marathi",0,0
"645","Z05B03","Marathi",0,0
"646","Z05B46","English (U.S.)",1,1
"647","Z03A51","English (U.S.)",1,1
"648","Z05B03","English (U.S.)",1,1
"649","Z05B46","Hindi",1,1
"650","Z03A51","Hindi",1,1
"651","Z05B03","Hindi",0,0
"652","Z05B46","Gujarati",1,1
"653","Z03A51","Gujarati",1,1
"654","Z05B03","Gujarati",1,1
"655","Z05B46","English (India)",0,0
"656","Z03A51","English (India)",1,1
"657","Z05B03","English (India)",1,1
"658","Z05B46","Mandarin",1,1
"659","Z03A51","Mandarin",0,0
"660","Z05B03","Mandarin",1,1
"661","Z05B46","Tamil",0,0
"662","Z03A51","Tamil",1,1
"663","Z05B03","Tamil",1,1
"664","Z05B46","Urdu",0,0
"665","Z03A51","Urdu",1,1
"666","Z05B03","Urdu",0,0
"667","Z03A59","Marathi",1,1
"668","Z03A09","Marathi",0,0
"669","Z03A59","English (U.S.)",1,1
"670","Z03A09","English (U.S.)",1,1
"671","Z03A59","Hindi",1,1
"672","Z03A09","Hindi",0,0
"673","Z03A59","Gujarati",0,0
"674","Z03A09","Gujarati",0,0
"675","Z03A59","English (India)",0,0
"676","Z03A09","English (India)",1,1
"677","Z03A59","Mandarin",0,0
"678","Z03A09","Mandarin",0,0
"679","Z03A59","Tamil",0,0
"680","Z03A09","Tamil",0,0
"681","Z03A59","Urdu",0,0
"682","Z03A09","Urdu",1,1
"683","Z03A16","Marathi",1,1
"684","Z03A06","Marathi",0,0
"685","Z03A60","Marathi",1,1
"686","Z03A16","English (U.S.)",1,1
"687","Z03A06","English (U.S.)",1,1
"688","Z03A60","English (U.S.)",1,1
"689","Z03A16","Hindi",0,0
"690","Z03A06","Hindi",1,1
"691","Z03A60","Hindi",1,1
"692","Z03A16","Gujarati",0,0
"693","Z03A06","Gujarati",1,1
"694","Z03A60","Gujarati",1,1
"695","Z03A16","English (India)",0,0
"696","Z03A06","English (India)",0,0
"697","Z03A60","English (India)",1,1
"698","Z03A16","Mandarin",0,0
"699","Z03A06","Mandarin",0,0
"700","Z03A60","Mandarin",0,0
"701","Z03A16","Tamil",0,0
"702","Z03A06","Tamil",0,0
"703","Z03A60","Tamil",0,0
"704","Z03A16","Urdu",0,0
"705","Z03A06","Urdu",0,0
"706","Z03A60","Urdu",0,0
"707","Z05A05","Marathi",NA,NA
"708","Z05A13","Marathi",NA,NA
"709","Z05A42","Marathi",0,0
"710","Z05A47","Marathi",1,1
"711","Z05A52","Marathi",0,0
"712","Z05B44","Marathi",1,1
"713","Z05B48","Marathi",0,0
"714","Z05A10","Marathi",0,0
"715","Z05A19","Marathi",NA,NA
"716","Z05A19","Marathi",1,1
"717","Z05A48","Marathi",0,0
"718","Z05A49","Marathi",1,1
"719","Z05B16","Marathi",0,0
"720","Z05B47","Marathi",0,0
"721","Z05A51","Marathi",0,0
"722","Z05A09","Marathi",0,0
"723","Z05B04","Marathi",0,0
"724","Z05B50","Marathi",1,1
"725","Z05A04","Marathi",1,1
"726","Z05A43","Marathi",1,1
"727","Z05A05","English (U.S.)",NA,NA
"728","Z05A13","English (U.S.)",NA,NA
"729","Z05A42","English (U.S.)",1,1
"730","Z05A47","English (U.S.)",1,1
"731","Z05A52","English (U.S.)",1,1
"732","Z05B44","English (U.S.)",1,1
"733","Z05B48","English (U.S.)",0,0
"734","Z05A10","English (U.S.)",1,1
"735","Z05A19","English (U.S.)",NA,NA
"736","Z05A19","English (U.S.)",1,1
"737","Z05A48","English (U.S.)",1,1
"738","Z05A49","English (U.S.)",1,1
"739","Z05B16","English (U.S.)",1,1
"740","Z05B47","English (U.S.)",1,1
"741","Z05A51","English (U.S.)",1,1
"742","Z05A09","English (U.S.)",1,1
"743","Z05B04","English (U.S.)",1,1
"744","Z05B50","English (U.S.)",1,1
"745","Z05A04","English (U.S.)",1,1
"746","Z05A43","English (U.S.)",1,1
"747","Z05A05","Hindi",NA,NA
"748","Z05A13","Hindi",NA,NA
"749","Z05A42","Hindi",1,1
"750","Z05A47","Hindi",1,1
"751","Z05A52","Hindi",1,1
"752","Z05B44","Hindi",1,1
"753","Z05B48","Hindi",1,1
"754","Z05A10","Hindi",0,0
"755","Z05A19","Hindi",NA,NA
"756","Z05A19","Hindi",1,1
"757","Z05A48","Hindi",1,1
"758","Z05A49","Hindi",1,1
"759","Z05B16","Hindi",1,1
"760","Z05B47","Hindi",1,1
"761","Z05A51","Hindi",1,1
"762","Z05A09","Hindi",1,1
"763","Z05B04","Hindi",1,1
"764","Z05B50","Hindi",1,1
"765","Z05A04","Hindi",1,1
"766","Z05A43","Hindi",1,1
"767","Z05A05","Gujarati",NA,NA
"768","Z05A13","Gujarati",NA,NA
"769","Z05A42","Gujarati",0,0
"770","Z05A47","Gujarati",1,1
"771","Z05A52","Gujarati",1,1
"772","Z05B44","Gujarati",1,1
"773","Z05B48","Gujarati",1,1
"774","Z05A10","Gujarati",0,0
"775","Z05A19","Gujarati",NA,NA
"776","Z05A19","Gujarati",0,0
"777","Z05A48","Gujarati",1,1
"778","Z05A49","Gujarati",1,1
"779","Z05B16","Gujarati",0,0
"780","Z05B47","Gujarati",1,1
"781","Z05A51","Gujarati",1,1
"782","Z05A09","Gujarati",1,1
"783","Z05B04","Gujarati",1,1
"784","Z05B50","Gujarati",1,1
"785","Z05A04","Gujarati",1,1
"786","Z05A43","Gujarati",1,1
"787","Z05A05","English (India)",NA,NA
"788","Z05A13","English (India)",NA,NA
"789","Z05A42","English (India)",1,1
"790","Z05A47","English (India)",1,1
"791","Z05A52","English (India)",0,0
"792","Z05B44","English (India)",0,0
"793","Z05B48","English (India)",1,1
"794","Z05A10","English (India)",1,1
"795","Z05A19","English (India)",1,1
"796","Z05A19","English (India)",NA,NA
"797","Z05A48","English (India)",1,1
"798","Z05A49","English (India)",0,0
"799","Z05B16","English (India)",0,0
"800","Z05B47","English (India)",0,0
"801","Z05A51","English (India)",0,0
"802","Z05A09","English (India)",1,1
"803","Z05B04","English (India)",1,1
"804","Z05B50","English (India)",1,1
"805","Z05A04","English (India)",0,0
"806","Z05A43","English (India)",1,1
"807","Z05A05","Mandarin",NA,NA
"808","Z05A13","Mandarin",NA,NA
"809","Z05A42","Mandarin",1,1
"810","Z05A47","Mandarin",1,1
"811","Z05A52","Mandarin",1,1
"812","Z05B44","Mandarin",0,0
"813","Z05B48","Mandarin",0,0
"814","Z05A10","Mandarin",1,1
"815","Z05A19","Mandarin",1,1
"816","Z05A19","Mandarin",NA,NA
"817","Z05A48","Mandarin",1,1
"818","Z05A49","Mandarin",0,0
"819","Z05B16","Mandarin",0,0
"820","Z05B47","Mandarin",0,0
"821","Z05A51","Mandarin",0,0
"822","Z05A09","Mandarin",0,0
"823","Z05B04","Mandarin",1,1
"824","Z05B50","Mandarin",0,0
"825","Z05A04","Mandarin",1,1
"826","Z05A43","Mandarin",1,1
"827","Z05A05","Tamil",NA,NA
"828","Z05A13","Tamil",NA,NA
"829","Z05A42","Tamil",1,1
"830","Z05A47","Tamil",0,0
"831","Z05A52","Tamil",1,1
"832","Z05B44","Tamil",0,0
"833","Z05B48","Tamil",1,1
"834","Z05A10","Tamil",0,0
"835","Z05A19","Tamil",0,0
"836","Z05A19","Tamil",NA,NA
"837","Z05A48","Tamil",0,0
"838","Z05A49","Tamil",1,1
"839","Z05B16","Tamil",0,0
"840","Z05B47","Tamil",0,0
"841","Z05A51","Tamil",1,1
"842","Z05A09","Tamil",0,0
"843","Z05B04","Tamil",0,0
"844","Z05B50","Tamil",1,1
"845","Z05A04","Tamil",0,0
"846","Z05A43","Tamil",0,0
"847","Z05A05","Urdu",NA,NA
"848","Z05A13","Urdu",NA,NA
"849","Z05A42","Urdu",0,0
"850","Z05A47","Urdu",0,0
"851","Z05A52","Urdu",0,0
"852","Z05B44","Urdu",0,0
"853","Z05B48","Urdu",1,1
"854","Z05A10","Urdu",0,0
"855","Z05A19","Urdu",0,0
"856","Z05A19","Urdu",NA,NA
"857","Z05A48","Urdu",0,0
"858","Z05A49","Urdu",0,0
"859","Z05B16","Urdu",0,0
"860","Z05B47","Urdu",0,0
"861","Z05A51","Urdu",1,1
"862","Z05A09","Urdu",1,1
"863","Z05B04","Urdu",0,0
"864","Z05B50","Urdu",0,0
"865","Z05A04","Urdu",0,0
"866","Z05A43","Urdu",0,0
"867","Z07B42","Marathi",0,0
"868","Z07B42","English (U.S.)",1,1
"869","Z07B42","Hindi",1,1
"870","Z05A03","Marathi",0,0
"871","Z05A4X","Marathi",NA,NA
"872","Z05C07","Marathi",NA,NA
"873","Z07B42","Gujarati",1,1
"874","Z05A08","Marathi",1,1
"875","Z05A33","Marathi",0,0
"876","Z05A53","Marathi",0,0
"877","Z05C51","Marathi",NA,NA
"878","Z05A57","Marathi",0,0
"879","Z05A07","Marathi",1,1
"880","Z05A56","Marathi",1,1
"881","Z05C03","Marathi",NA,NA
"882","Z05A60","Marathi",1,1
"883","Z05A03","English (U.S.)",1,1
"884","Z05A4X","English (U.S.)",NA,NA
"885","Z05C07","English (U.S.)",NA,NA
"886","Z07B42","English (India)",1,1
"887","Z05A08","English (U.S.)",1,1
"888","Z05A33","English (U.S.)",1,1
"889","Z05A53","English (U.S.)",1,1
"890","Z05C51","English (U.S.)",NA,NA
"891","Z05A57","English (U.S.)",1,1
"892","Z05A07","English (U.S.)",1,1
"893","Z05A56","English (U.S.)",1,1
"894","Z05C03","English (U.S.)",NA,NA
"895","Z05A60","English (U.S.)",1,1
"896","Z05A03","Hindi",1,1
"897","Z05A4X","Hindi",NA,NA
"898","Z05C07","Hindi",NA,NA
"899","Z07B42","Mandarin",0,0
"900","Z05A08","Hindi",1,1
"901","Z05A33","Hindi",1,1
"902","Z05A53","Hindi",1,1
"903","Z05C51","Hindi",NA,NA
"904","Z05A57","Hindi",1,1
"905","Z05A07","Hindi",1,1
"906","Z05A56","Hindi",1,1
"907","Z05C03","Hindi",NA,NA
"908","Z05A60","Hindi",1,1
"909","Z05A03","Gujarati",0,0
"910","Z05A4X","Gujarati",NA,NA
"911","Z05C07","Gujarati",NA,NA
"912","Z07B42","Tamil",0,0
"913","Z05A08","Gujarati",1,1
"914","Z05A33","Gujarati",1,1
"915","Z05A53","Gujarati",1,1
"916","Z05C51","Gujarati",NA,NA
"917","Z05A57","Gujarati",1,1
"918","Z05A07","Gujarati",1,1
"919","Z05A56","Gujarati",1,1
"920","Z05C03","Gujarati",NA,NA
"921","Z05A60","Gujarati",1,1
"922","Z05A03","English (India)",1,1
"923","Z05A4X","English (India)",NA,NA
"924","Z05C07","English (India)",NA,NA
"925","Z07B42","Urdu",0,0
"926","Z05A08","English (India)",0,0
"927","Z05A33","English (India)",0,0
"928","Z05A53","English (India)",0,0
"929","Z05C51","English (India)",NA,NA
"930","Z05A57","English (India)",0,0
"931","Z05A07","English (India)",0,0
"932","Z05A56","English (India)",1,1
"933","Z05C03","English (India)",NA,NA
"934","Z05A60","English (India)",0,0
"935","Z05A03","Mandarin",1,1
"936","Z05A4X","Mandarin",NA,NA
"937","Z05C07","Mandarin",NA,NA
"938","Z05A08","Mandarin",1,1
"939","Z05A33","Mandarin",1,1
"940","Z05A53","Mandarin",1,1
"941","Z05C51","Mandarin",NA,NA
"942","Z05A57","Mandarin",0,0
"943","Z05A07","Mandarin",1,1
"944","Z05A56","Mandarin",1,1
"945","Z05C03","Mandarin",NA,NA
"946","Z05A60","Mandarin",0,0
"947","Z05A03","Tamil",0,0
"948","Z05A4X","Tamil",NA,NA
"949","Z05C07","Tamil",NA,NA
"950","Z05A08","Tamil",1,1
"951","Z05A33","Tamil",0,0
"952","Z05A53","Tamil",0,0
"953","Z05C51","Tamil",NA,NA
"954","Z05A57","Tamil",0,0
"955","Z05A07","Tamil",0,0
"956","Z05A56","Tamil",0,0
"957","Z05C03","Tamil",NA,NA
"958","Z05A60","Tamil",0,0
"959","Z05A03","Urdu",0,0
"960","Z05A4X","Urdu",NA,NA
"961","Z05C07","Urdu",NA,NA
"962","Z05A08","Urdu",0,0
"963","Z05A33","Urdu",0,0
"964","Z05A53","Urdu",0,0
"965","Z05C51","Urdu",NA,NA
"966","Z05A57","Urdu",0,0
"967","Z05A07","Urdu",0,0
"968","Z05A56","Urdu",0,0
"969","Z05C03","Urdu",NA,NA
"970","Z05A60","Urdu",0,0
"971","Z03C51","Urdu",1,1
"972","Z03C62","Urdu",1,1
"973","Z03B58","Urdu",0,0
"974","Z03C06","Urdu",0,0
"975","Z03C09","Urdu",NA,NA
"976","Z03C16","Urdu",0,0
"977","Z03C18","Urdu",0,0
"978","Z03C60","Urdu",0,0
"979","Z03C20","Urdu",0,0
"980","Z03C51","Hindi",1,1
"981","Z03C62","Hindi",0,0
"982","Z03B58","Hindi",1,1
"983","Z03C06","Hindi",1,1
"984","Z03C09","Hindi",NA,NA
"985","Z03C16","Hindi",1,1
"986","Z03C18","Hindi",1,1
"987","Z03C60","Hindi",1,1
"988","Z03C20","Hindi",0,0
"989","Z03C51","English (India)",0,0
"990","Z03C62","English (India)",0,0
"991","Z03B58","English (India)",1,1
"992","Z03C06","English (India)",0,0
"993","Z03C09","English (India)",NA,NA
"994","Z03C16","English (India)",1,1
"995","Z03C18","English (India)",1,1
"996","Z03C60","English (India)",0,0
"997","Z03C20","English (India)",1,1
"998","Z03C51","English (U.S.)",1,1
"999","Z03C62","English (U.S.)",0,0
"1000","Z03B58","English (U.S.)",1,1
"1001","Z03C06","English (U.S.)",0,0
"1002","Z03C09","English (U.S.)",NA,NA
"1003","Z03C16","English (U.S.)",1,1
"1004","Z03C18","English (U.S.)",1,1
"1005","Z03C60","English (U.S.)",1,1
"1006","Z03C20","English (U.S.)",1,1
"1007","Z03C51","Marathi",0,0
"1008","Z03C62","Marathi",0,0
"1009","Z03B58","Marathi",0,0
"1010","Z03C06","Marathi",0,0
"1011","Z03C09","Marathi",NA,NA
"1012","Z03C16","Marathi",0,0
"1013","Z03C18","Marathi",0,0
"1014","Z03C60","Marathi",1,1
"1015","Z03C20","Marathi",0,0
"1016","Z03C51","Mandarin",1,1
"1017","Z03C62","Mandarin",1,1
"1018","Z03B58","Mandarin",0,0
"1019","Z03C06","Mandarin",0,0
"1020","Z03C09","Mandarin",NA,NA
"1021","Z03C16","Mandarin",0,0
"1022","Z03C18","Mandarin",0,0
"1023","Z03C60","Mandarin",0,0
"1024","Z03C20","Mandarin",0,0
"1025","Z03C51","Tamil",1,1
"1026","Z03C62","Tamil",0,0
"1027","Z03B58","Tamil",0,0
"1028","Z03C06","Tamil",0,0
"1029","Z03C09","Tamil",NA,NA
"1030","Z03C16","Tamil",1,1
"1031","Z03C18","Tamil",1,1
"1032","Z03C60","Tamil",1,1
"1033","Z03C20","Tamil",0,0
"1034","Z03C51","Gujarati",1,1
"1035","Z03C62","Gujarati",1,1
"1036","Z03B58","Gujarati",1,1
"1037","Z03C06","Gujarati",1,1
"1038","Z03C09","Gujarati",NA,NA
"1039","Z03C16","Gujarati",0,0
"1040","Z03C18","Gujarati",0,0
"1041","Z03C60","Gujarati",0,0
"1042","Z03C20","Gujarati",0,0
