"","id","standard","standard_num","child_age_centered","child_sex","child_religion","question_type","language","response","correct"
"1","Z03C07","3",1,-2.04670294699073,"male","hindu","id","Marathi","tamil",0
"2","Z05C10","5",2,-0.646702946990732,"male","muslim","id","Marathi","mirite",0
"3","Z03C04","3",1,-1.64670294699073,"male","muslim","id","Marathi","chinese",0
"4","Z03C49","3",1,-2.64670294699073,"female","muslim","id","Marathi","hindi",0
"5","Z05C06","5",2,-0.646702946990732,"male","other","id","Marathi","gujarati",0
"6","Z05C45","5",2,-0.646702946990732,"female","hindu","id","Marathi","hindi",0
"7","Z05C50","5",2,-0.946702946990733,"female","hindu","id","Marathi","urdu",0
"8","Z07A09","7",3,1.35329705300927,"male",NA,"id","Marathi","sanskrit",0
"9","Z07A10","7",3,2.35329705300927,"male","muslim","id","Marathi","marathi",1
"10","Z07A12","7",3,2.35329705300927,"male","hindu","id","Marathi","marathi",1
"11","Z07A13","7",3,1.35329705300927,"male",NA,"id","Marathi","marathi",1
"12","Z07A14","7",3,2.35329705300927,"male","hindu","id","Marathi","marathi",1
"13","Z07A40","7",3,1.35329705300927,"female","muslim","id","Marathi","",0
"14","Z07A45","7",3,1.35329705300927,"female","muslim","id","Marathi","marathi",1
"15","Z07A55","7",3,2.35329705300927,"female","hindu","id","Marathi","marathi",1
"16","Z07A59","7",3,2.35329705300927,"female","hindu","id","Marathi","marathi",1
"17","Z07B03","7",3,1.35329705300927,"male","hindu","id","Marathi","marathi",1
"18","Z07B11","7",3,2.35329705300927,"male","other","id","Marathi","tamil",0
"19","Z07B21","7",3,2.35329705300927,"male","muslim","id","Marathi","marathi",1
"20","Z07B38","7",3,2.35329705300927,"female","hindu","id","Marathi","marathi",1
"21","Z07B48","7",3,1.35329705300927,"female","muslim","id","Marathi","marathi",1
"22","Z05B11","5",2,0.353297053009268,"male","hindu","id","Marathi","marathi",1
"23","Z05B55","5",2,-0.646702946990732,"female","muslim","id","Marathi","marathi",1
"24","Z05B12","5",2,0.353297053009268,"male","muslim","id","Marathi","marathi",1
"25","Z05B19","5",2,0.353297053009268,"male","hindu","id","Marathi","marathi",1
"26","Z07A05","7",3,1.35329705300927,"male","muslim","id","Marathi","marathi",1
"27","Z05B17","5",2,-0.646702946990732,"male","hindu","id","Marathi","marathi",1
"28","Z07A42","7",3,1.35329705300927,"female","hindu","id","Marathi","sanskrit",0
"29","Z07B39","7",3,1.35329705300927,"female","hindu","id","Marathi","marathi",1
"30","Z05C44","5",2,-0.646702946990732,"female","hindu","id","Marathi","marathi",1
"31","Z03C01","3",1,-2.27842337709826,"male","muslim","id","Marathi","tamil nadu",0
"32","Z03C02","3",1,-2.84670294699073,"male","muslim","id","Marathi","tamil",0
"33","Z03C43","3",1,-2.64670294699073,"female","muslim","id","Marathi","bengali",0
"34","Z03C44","3",1,-1.94670294699073,"female","hindu","id","Marathi","marathi",1
"35","Z03C46","3",1,-2.84670294699073,"female","muslim","id","Marathi","marathi",1
"36","Z05B05","5",2,-0.646702946990732,"male","muslim","id","Marathi","madi",0
"37","Z05B20","5",2,-0.646702946990732,"male","muslim","id","Marathi","marathi",1
"38","Z05C48","5",2,-0.646702946990732,"female","muslim","id","Marathi","tamil",0
"39","Z05C56","5",2,-0.646702946990732,"female","muslim","id","Marathi","marathi",1
"40","Z07A11","7",3,2.35329705300927,"male","hindu","id","Marathi","marathi",1
"41","Z07A16","7",3,1.35329705300927,"male","muslim","id","Marathi","tamil",0
"42","Z07A18","7",3,1.35329705300927,"male","muslim","id","Marathi","marathi",1
"43","Z07A19","7",3,1.35329705300927,"male","muslim","id","Marathi","marathi",1
"44","Z07A20","7",3,1.35329705300927,"male","muslim","id","Marathi","marathi",1
"45","Z07A21","7",3,1.35329705300927,"male","hindu","id","Marathi","marathi",1
"46","Z07A41","7",3,1.35329705300927,"female","hindu","id","Marathi","marathi",1
"47","Z07A43","7",3,1.35329705300927,"female","muslim","id","Marathi","marathi",1
"48","Z07A46","7",3,1.35329705300927,"female","muslim","id","Marathi","marathi",1
"49","Z07A48","7",3,1.35329705300927,"female","muslim","id","Marathi","marathi",1
"50","Z07A51","7",3,2.35329705300927,"female","muslim","id","Marathi","tamil",0
"51","Z07A56","7",3,2.35329705300927,"female","hindu","id","Marathi","marathi",1
"52","Z07A58","7",3,1.35329705300927,"female","hindu","id","Marathi","marathi",1
"53","Z07B05","7",3,1.35329705300927,"male","muslim","id","Marathi","marathi",1
"54","Z07B12","7",3,2.35329705300927,"male","muslim","id","Marathi","gujarati",0
"55","Z07B41","7",3,1.35329705300927,"female","muslim","id","Marathi","marathi",1
"56","Z07B55","7",3,2.35329705300927,"female","muslim","id","Marathi","marathi",1
"57","Z07A02","7",3,1.35329705300927,"male","hindu","id","Marathi","sanskrit",0
"58","Z05C46","5",2,-0.646702946990732,"female","muslim","id","Marathi","marathi",1
"59","Z07A39","7",3,1.35329705300927,"female","hindu","id","Marathi","marathi",1
"60","Z07A50","7",3,2.35329705300927,"female","muslim","id","Marathi","marathi",1
"61","Z03C47","3",1,-2.34670294699073,"female","hindu","id","Marathi","marathi",1
"62","Z07B06","7",3,2.35329705300927,"male","hindu","id","Marathi","marathi",1
"63","Z05B56","5",2,0.353297053009268,"female","muslim","id","Marathi","marathi",1
"64","Z03C48","3",1,-2.74670294699073,"female","hindu","id","Marathi","tamil",0
"65","Z03C10","3",1,-2.24670294699073,"male","hindu","id","Marathi","marathi",1
"66","Z03C14","3",1,-2.54670294699073,"male","hindu","id","Marathi","gujarati",0
"67","Z05B62","5",2,-0.646702946990732,"female","hindu","id","Marathi","marathi",1
"68","Z05C04","5",2,-0.646702946990732,"male","hindu","id","Marathi","marathi",1
"69","Z05C09","5",2,-0.646702946990732,"male","hindu","id","Marathi","marathi",1
"70","Z05C49","5",2,-0.646702946990732,"female","hindu","id","Marathi","marathi",1
"71","Z07A01","7",3,1.35329705300927,"male","hindu","id","Marathi","marathi",1
"72","Z07A04","7",3,1.35329705300927,"male","hindu","id","Marathi","marathi",1
"73","Z07A06","7",3,2.35329705300927,"male","hindu","id","Marathi","marathi",1
"74","Z07A47","7",3,2.35329705300927,"female","hindu","id","Marathi","marathi",1
"75","Z07B08","7",3,1.35329705300927,"male","hindu","id","Marathi","marathi",1
"76","Z07B40","7",3,1.35329705300927,"female","hindu","id","Marathi","marathi",1
"77","Z07B43","7",3,1.35329705300927,"female","hindu","id","Marathi","marathi",1
"78","Z07B07","7",3,2.35329705300927,"male","hindu","id","Marathi","marathi",1
"79","Z05B32","5",2,0.353297053009268,"male","muslim","id","Marathi","",NA
"80","Z03C07","3",1,-2.04670294699073,"male","hindu","id","English (U.S.)","english",1
"81","Z05C10","5",2,-0.646702946990732,"male","muslim","id","English (U.S.)","english",1
"82","Z03C04","3",1,-1.64670294699073,"male","muslim","id","English (U.S.)","english",1
"83","Z03C49","3",1,-2.64670294699073,"female","muslim","id","English (U.S.)","english",1
"84","Z05C06","5",2,-0.646702946990732,"male","other","id","English (U.S.)","english",1
"85","Z05C45","5",2,-0.646702946990732,"female","hindu","id","English (U.S.)","english",1
"86","Z05C50","5",2,-0.946702946990733,"female","hindu","id","English (U.S.)","english",1
"87","Z07A09","7",3,1.35329705300927,"male",NA,"id","English (U.S.)","english",1
"88","Z07A10","7",3,2.35329705300927,"male","muslim","id","English (U.S.)","english",1
"89","Z07A12","7",3,2.35329705300927,"male","hindu","id","English (U.S.)","english",1
"90","Z07A13","7",3,1.35329705300927,"male",NA,"id","English (U.S.)","english",1
"91","Z07A14","7",3,2.35329705300927,"male","hindu","id","English (U.S.)","english",1
"92","Z07A40","7",3,1.35329705300927,"female","muslim","id","English (U.S.)","english",1
"93","Z07A45","7",3,1.35329705300927,"female","muslim","id","English (U.S.)","english",1
"94","Z07A55","7",3,2.35329705300927,"female","hindu","id","English (U.S.)","english",1
"95","Z07A59","7",3,2.35329705300927,"female","hindu","id","English (U.S.)","english",1
"96","Z07B03","7",3,1.35329705300927,"male","hindu","id","English (U.S.)","english",1
"97","Z07B11","7",3,2.35329705300927,"male","other","id","English (U.S.)","english",1
"98","Z07B21","7",3,2.35329705300927,"male","muslim","id","English (U.S.)","english",1
"99","Z07B38","7",3,2.35329705300927,"female","hindu","id","English (U.S.)","english",1
"100","Z07B48","7",3,1.35329705300927,"female","muslim","id","English (U.S.)","english",1
"101","Z05B11","5",2,0.353297053009268,"male","hindu","id","English (U.S.)","english",1
"102","Z05B55","5",2,-0.646702946990732,"female","muslim","id","English (U.S.)","english",1
"103","Z05B12","5",2,0.353297053009268,"male","muslim","id","English (U.S.)","english",1
"104","Z05B19","5",2,0.353297053009268,"male","hindu","id","English (U.S.)","english",1
"105","Z07A05","7",3,1.35329705300927,"male","muslim","id","English (U.S.)","english",1
"106","Z05B17","5",2,-0.646702946990732,"male","hindu","id","English (U.S.)","english",1
"107","Z07A42","7",3,1.35329705300927,"female","hindu","id","English (U.S.)","english",1
"108","Z07B39","7",3,1.35329705300927,"female","hindu","id","English (U.S.)","english",1
"109","Z05C44","5",2,-0.646702946990732,"female","hindu","id","English (U.S.)","english",1
"110","Z03C01","3",1,-2.27842337709826,"male","muslim","id","English (U.S.)","english",1
"111","Z03C02","3",1,-2.84670294699073,"male","muslim","id","English (U.S.)","gujarati",0
"112","Z03C43","3",1,-2.64670294699073,"female","muslim","id","English (U.S.)","english",1
"113","Z03C44","3",1,-1.94670294699073,"female","hindu","id","English (U.S.)","english",1
"114","Z03C46","3",1,-2.84670294699073,"female","muslim","id","English (U.S.)","english",1
"115","Z05B05","5",2,-0.646702946990732,"male","muslim","id","English (U.S.)","english",1
"116","Z05B20","5",2,-0.646702946990732,"male","muslim","id","English (U.S.)","english",1
"117","Z05C48","5",2,-0.646702946990732,"female","muslim","id","English (U.S.)","english",1
"118","Z05C56","5",2,-0.646702946990732,"female","muslim","id","English (U.S.)","english",1
"119","Z07A11","7",3,2.35329705300927,"male","hindu","id","English (U.S.)","english",1
"120","Z07A16","7",3,1.35329705300927,"male","muslim","id","English (U.S.)","english",1
"121","Z07A18","7",3,1.35329705300927,"male","muslim","id","English (U.S.)","english",1
"122","Z07A19","7",3,1.35329705300927,"male","muslim","id","English (U.S.)","english",1
"123","Z07A20","7",3,1.35329705300927,"male","muslim","id","English (U.S.)","english",1
"124","Z07A21","7",3,1.35329705300927,"male","hindu","id","English (U.S.)","english",1
"125","Z07A41","7",3,1.35329705300927,"female","hindu","id","English (U.S.)","english",1
"126","Z07A43","7",3,1.35329705300927,"female","muslim","id","English (U.S.)","english",1
"127","Z07A46","7",3,1.35329705300927,"female","muslim","id","English (U.S.)","foreign",0
"128","Z07A48","7",3,1.35329705300927,"female","muslim","id","English (U.S.)","english",1
"129","Z07A51","7",3,2.35329705300927,"female","muslim","id","English (U.S.)","english",1
"130","Z07A56","7",3,2.35329705300927,"female","hindu","id","English (U.S.)","english",1
"131","Z07A58","7",3,1.35329705300927,"female","hindu","id","English (U.S.)","english",1
"132","Z07B05","7",3,1.35329705300927,"male","muslim","id","English (U.S.)","bengal",0
"133","Z07B12","7",3,2.35329705300927,"male","muslim","id","English (U.S.)","english",1
"134","Z07B41","7",3,1.35329705300927,"female","muslim","id","English (U.S.)","english",1
"135","Z07B55","7",3,2.35329705300927,"female","muslim","id","English (U.S.)","english",1
"136","Z07A02","7",3,1.35329705300927,"male","hindu","id","English (U.S.)","english",1
"137","Z05C46","5",2,-0.646702946990732,"female","muslim","id","English (U.S.)","english",1
"138","Z07A39","7",3,1.35329705300927,"female","hindu","id","English (U.S.)","english",1
"139","Z07A50","7",3,2.35329705300927,"female","muslim","id","English (U.S.)","english",1
"140","Z03C47","3",1,-2.34670294699073,"female","hindu","id","English (U.S.)","english",1
"141","Z07B06","7",3,2.35329705300927,"male","hindu","id","English (U.S.)","english",1
"142","Z05B56","5",2,0.353297053009268,"female","muslim","id","English (U.S.)","english",1
"143","Z03C48","3",1,-2.74670294699073,"female","hindu","id","English (U.S.)","english",1
"144","Z03C10","3",1,-2.24670294699073,"male","hindu","id","English (U.S.)","english",1
"145","Z03C14","3",1,-2.54670294699073,"male","hindu","id","English (U.S.)","english",1
"146","Z05B62","5",2,-0.646702946990732,"female","hindu","id","English (U.S.)","english",1
"147","Z05C04","5",2,-0.646702946990732,"male","hindu","id","English (U.S.)","english",1
"148","Z05C09","5",2,-0.646702946990732,"male","hindu","id","English (U.S.)","english",1
"149","Z05C49","5",2,-0.646702946990732,"female","hindu","id","English (U.S.)","english",1
"150","Z07A01","7",3,1.35329705300927,"male","hindu","id","English (U.S.)","english",1
"151","Z07A04","7",3,1.35329705300927,"male","hindu","id","English (U.S.)","english",1
"152","Z07A06","7",3,2.35329705300927,"male","hindu","id","English (U.S.)","english",1
"153","Z07A47","7",3,2.35329705300927,"female","hindu","id","English (U.S.)","english",1
"154","Z07B08","7",3,1.35329705300927,"male","hindu","id","English (U.S.)","english",1
"155","Z07B40","7",3,1.35329705300927,"female","hindu","id","English (U.S.)","english",1
"156","Z07B43","7",3,1.35329705300927,"female","hindu","id","English (U.S.)","english",1
"157","Z07B07","7",3,2.35329705300927,"male","hindu","id","English (U.S.)","christian",0
"158","Z05B32","5",2,0.353297053009268,"male","muslim","id","English (U.S.)","",NA
"159","Z03C07","3",1,-2.04670294699073,"male","hindu","id","Hindi","tamil",0
"160","Z05C10","5",2,-0.646702946990732,"male","muslim","id","Hindi","hindi",1
"161","Z03C04","3",1,-1.64670294699073,"male","muslim","id","Hindi","hindi",1
"162","Z03C49","3",1,-2.64670294699073,"female","muslim","id","Hindi","hindi",1
"163","Z05C06","5",2,-0.646702946990732,"male","other","id","Hindi","hindi",1
"164","Z05C45","5",2,-0.646702946990732,"female","hindu","id","Hindi","hindi",1
"165","Z05C50","5",2,-0.946702946990733,"female","hindu","id","Hindi","hindi",1
"166","Z07A09","7",3,1.35329705300927,"male",NA,"id","Hindi","hindi",1
"167","Z07A10","7",3,2.35329705300927,"male","muslim","id","Hindi","hindi",1
"168","Z07A12","7",3,2.35329705300927,"male","hindu","id","Hindi","hindi",1
"169","Z07A13","7",3,1.35329705300927,"male",NA,"id","Hindi","hindi",1
"170","Z07A14","7",3,2.35329705300927,"male","hindu","id","Hindi","hindi",1
"171","Z07A40","7",3,1.35329705300927,"female","muslim","id","Hindi","hindi",1
"172","Z07A45","7",3,1.35329705300927,"female","muslim","id","Hindi","hindi",1
"173","Z07A55","7",3,2.35329705300927,"female","hindu","id","Hindi","hindi",1
"174","Z07A59","7",3,2.35329705300927,"female","hindu","id","Hindi","hindi",1
"175","Z07B03","7",3,1.35329705300927,"male","hindu","id","Hindi","hindi",1
"176","Z07B11","7",3,2.35329705300927,"male","other","id","Hindi","gujarati",0
"177","Z07B21","7",3,2.35329705300927,"male","muslim","id","Hindi","hindi",1
"178","Z07B38","7",3,2.35329705300927,"female","hindu","id","Hindi","hindi",1
"179","Z07B48","7",3,1.35329705300927,"female","muslim","id","Hindi","hindi",1
"180","Z05B11","5",2,0.353297053009268,"male","hindu","id","Hindi","hindi",1
"181","Z05B55","5",2,-0.646702946990732,"female","muslim","id","Hindi","hindi",1
"182","Z05B12","5",2,0.353297053009268,"male","muslim","id","Hindi","hindi",1
"183","Z05B19","5",2,0.353297053009268,"male","hindu","id","Hindi","hindi",1
"184","Z07A05","7",3,1.35329705300927,"male","muslim","id","Hindi","hindi",1
"185","Z05B17","5",2,-0.646702946990732,"male","hindu","id","Hindi","hindi",1
"186","Z07A42","7",3,1.35329705300927,"female","hindu","id","Hindi","hindi",1
"187","Z07B39","7",3,1.35329705300927,"female","hindu","id","Hindi","hindi",1
"188","Z05C44","5",2,-0.646702946990732,"female","hindu","id","Hindi","hindi",1
"189","Z03C01","3",1,-2.27842337709826,"male","muslim","id","Hindi","hindi",1
"190","Z03C02","3",1,-2.84670294699073,"male","muslim","id","Hindi","marathi",0
"191","Z03C43","3",1,-2.64670294699073,"female","muslim","id","Hindi","urdu",0
"192","Z03C44","3",1,-1.94670294699073,"female","hindu","id","Hindi","hindi",1
"193","Z03C46","3",1,-2.84670294699073,"female","muslim","id","Hindi","hindi",1
"194","Z05B05","5",2,-0.646702946990732,"male","muslim","id","Hindi","hindi",1
"195","Z05B20","5",2,-0.646702946990732,"male","muslim","id","Hindi","hindi",1
"196","Z05C48","5",2,-0.646702946990732,"female","muslim","id","Hindi","urdu",0
"197","Z05C56","5",2,-0.646702946990732,"female","muslim","id","Hindi","hindi",1
"198","Z07A11","7",3,2.35329705300927,"male","hindu","id","Hindi","hindi",1
"199","Z07A16","7",3,1.35329705300927,"male","muslim","id","Hindi","hindi",1
"200","Z07A18","7",3,1.35329705300927,"male","muslim","id","Hindi","hindi",1
"201","Z07A19","7",3,1.35329705300927,"male","muslim","id","Hindi","hindi",1
"202","Z07A20","7",3,1.35329705300927,"male","muslim","id","Hindi","hindi",1
"203","Z07A21","7",3,1.35329705300927,"male","hindu","id","Hindi","sanskrit",0
"204","Z07A41","7",3,1.35329705300927,"female","hindu","id","Hindi","hindi",1
"205","Z07A43","7",3,1.35329705300927,"female","muslim","id","Hindi","hindi`",1
"206","Z07A46","7",3,1.35329705300927,"female","muslim","id","Hindi","hindi",1
"207","Z07A48","7",3,1.35329705300927,"female","muslim","id","Hindi","hindi",1
"208","Z07A51","7",3,2.35329705300927,"female","muslim","id","Hindi","urdu",0
"209","Z07A56","7",3,2.35329705300927,"female","hindu","id","Hindi","hindi",1
"210","Z07A58","7",3,1.35329705300927,"female","hindu","id","Hindi","hindi",1
"211","Z07B05","7",3,1.35329705300927,"male","muslim","id","Hindi","hindi",1
"212","Z07B12","7",3,2.35329705300927,"male","muslim","id","Hindi","hindi",1
"213","Z07B41","7",3,1.35329705300927,"female","muslim","id","Hindi","hindi",1
"214","Z07B55","7",3,2.35329705300927,"female","muslim","id","Hindi","hindi",1
"215","Z07A02","7",3,1.35329705300927,"male","hindu","id","Hindi","hindi",1
"216","Z05C46","5",2,-0.646702946990732,"female","muslim","id","Hindi","hindi",1
"217","Z07A39","7",3,1.35329705300927,"female","hindu","id","Hindi","hindi",1
"218","Z07A50","7",3,2.35329705300927,"female","muslim","id","Hindi","hindi",1
"219","Z03C47","3",1,-2.34670294699073,"female","hindu","id","Hindi","hindi",1
"220","Z07B06","7",3,2.35329705300927,"male","hindu","id","Hindi","hindi",1
"221","Z05B56","5",2,0.353297053009268,"female","muslim","id","Hindi","hindi",1
"222","Z03C48","3",1,-2.74670294699073,"female","hindu","id","Hindi","hindi",1
"223","Z03C10","3",1,-2.24670294699073,"male","hindu","id","Hindi","hindi",1
"224","Z03C14","3",1,-2.54670294699073,"male","hindu","id","Hindi","hindi",1
"225","Z05B62","5",2,-0.646702946990732,"female","hindu","id","Hindi","hindi",1
"226","Z05C04","5",2,-0.646702946990732,"male","hindu","id","Hindi","hindi",1
"227","Z05C09","5",2,-0.646702946990732,"male","hindu","id","Hindi","hindi",1
"228","Z05C49","5",2,-0.646702946990732,"female","hindu","id","Hindi","hindi",1
"229","Z07A01","7",3,1.35329705300927,"male","hindu","id","Hindi","sanskrit",0
"230","Z07A04","7",3,1.35329705300927,"male","hindu","id","Hindi","hindi",1
"231","Z07A06","7",3,2.35329705300927,"male","hindu","id","Hindi","hindi",1
"232","Z07A47","7",3,2.35329705300927,"female","hindu","id","Hindi","hindi",1
"233","Z07B08","7",3,1.35329705300927,"male","hindu","id","Hindi","hindi",1
"234","Z07B40","7",3,1.35329705300927,"female","hindu","id","Hindi","hindi",1
"235","Z07B43","7",3,1.35329705300927,"female","hindu","id","Hindi","hindi",1
"236","Z07B07","7",3,2.35329705300927,"male","hindu","id","Hindi","hindu",0
"237","Z05B32","5",2,0.353297053009268,"male","muslim","id","Hindi","",NA
"238","Z03C07","3",1,-2.04670294699073,"male","hindu","id","Gujarati","gujarati",1
"239","Z05C10","5",2,-0.646702946990732,"male","muslim","id","Gujarati","gujarati",1
"240","Z03C04","3",1,-1.64670294699073,"male","muslim","id","Gujarati","gujarati",1
"241","Z03C49","3",1,-2.64670294699073,"female","muslim","id","Gujarati","gujarati",1
"242","Z05C06","5",2,-0.646702946990732,"male","other","id","Gujarati","gujarati",1
"243","Z05C45","5",2,-0.646702946990732,"female","hindu","id","Gujarati","gujarati",1
"244","Z05C50","5",2,-0.946702946990733,"female","hindu","id","Gujarati","gujarati",1
"245","Z07A09","7",3,1.35329705300927,"male",NA,"id","Gujarati","gujarati",1
"246","Z07A10","7",3,2.35329705300927,"male","muslim","id","Gujarati","gujarati",1
"247","Z07A12","7",3,2.35329705300927,"male","hindu","id","Gujarati","gujarati",1
"248","Z07A13","7",3,1.35329705300927,"male",NA,"id","Gujarati","gujarati",1
"249","Z07A14","7",3,2.35329705300927,"male","hindu","id","Gujarati","gujarati",1
"250","Z07A40","7",3,1.35329705300927,"female","muslim","id","Gujarati","gujarati",1
"251","Z07A45","7",3,1.35329705300927,"female","muslim","id","Gujarati","gujarati",1
"252","Z07A55","7",3,2.35329705300927,"female","hindu","id","Gujarati","gujarati",1
"253","Z07A59","7",3,2.35329705300927,"female","hindu","id","Gujarati","gujarati",1
"254","Z07B03","7",3,1.35329705300927,"male","hindu","id","Gujarati","gujarati",1
"255","Z07B11","7",3,2.35329705300927,"male","other","id","Gujarati","marathi",0
"256","Z07B21","7",3,2.35329705300927,"male","muslim","id","Gujarati","gujarati",1
"257","Z07B38","7",3,2.35329705300927,"female","hindu","id","Gujarati","gujarati",1
"258","Z07B48","7",3,1.35329705300927,"female","muslim","id","Gujarati","gujarati",1
"259","Z05B11","5",2,0.353297053009268,"male","hindu","id","Gujarati","gujarati",1
"260","Z05B55","5",2,-0.646702946990732,"female","muslim","id","Gujarati","gujarati",1
"261","Z05B12","5",2,0.353297053009268,"male","muslim","id","Gujarati","gujarati",1
"262","Z05B19","5",2,0.353297053009268,"male","hindu","id","Gujarati","urdu",0
"263","Z07A05","7",3,1.35329705300927,"male","muslim","id","Gujarati","gujarati",1
"264","Z05B17","5",2,-0.646702946990732,"male","hindu","id","Gujarati","gujarati",1
"265","Z07A42","7",3,1.35329705300927,"female","hindu","id","Gujarati","gujarati",1
"266","Z07B39","7",3,1.35329705300927,"female","hindu","id","Gujarati","gujarati",1
"267","Z05C44","5",2,-0.646702946990732,"female","hindu","id","Gujarati","gujarati",1
"268","Z03C01","3",1,-2.27842337709826,"male","muslim","id","Gujarati","urdu",0
"269","Z03C02","3",1,-2.8886384308617,"male","muslim","id","Gujarati","urdu",0
"270","Z03C43","3",1,-2.64670294699073,"female","muslim","id","Gujarati","gujarati",1
"271","Z03C44","3",1,-1.94670294699073,"female","hindu","id","Gujarati","gujarati",1
"272","Z03C46","3",1,-2.84670294699073,"female","muslim","id","Gujarati","tamil",0
"273","Z05B05","5",2,-0.646702946990732,"male","muslim","id","Gujarati","gujarati",1
"274","Z05B20","5",2,-0.646702946990732,"male","muslim","id","Gujarati","gujarati",1
"275","Z05C48","5",2,-0.646702946990732,"female","muslim","id","Gujarati","marathi",0
"276","Z05C56","5",2,-0.646702946990732,"female","muslim","id","Gujarati","marathi",0
"277","Z07A11","7",3,2.35329705300927,"male","hindu","id","Gujarati","gujarati",1
"278","Z07A16","7",3,1.35329705300927,"male","muslim","id","Gujarati","gujarati",1
"279","Z07A18","7",3,1.35329705300927,"male","muslim","id","Gujarati","gujarati",1
"280","Z07A19","7",3,1.35329705300927,"male","muslim","id","Gujarati","gujarati",1
"281","Z07A20","7",3,1.35329705300927,"male","muslim","id","Gujarati","gujarati",1
"282","Z07A21","7",3,1.35329705300927,"male","hindu","id","Gujarati","gujarati",1
"283","Z07A41","7",3,1.35329705300927,"female","hindu","id","Gujarati","gujarati",1
"284","Z07A43","7",3,1.35329705300927,"female","muslim","id","Gujarati","gujarati",1
"285","Z07A46","7",3,1.35329705300927,"female","muslim","id","Gujarati","gujarati",1
"286","Z07A48","7",3,1.35329705300927,"female","muslim","id","Gujarati","gujarati",1
"287","Z07A51","7",3,2.35329705300927,"female","muslim","id","Gujarati","gujarati",1
"288","Z07A56","7",3,2.35329705300927,"female","hindu","id","Gujarati","gujarati",1
"289","Z07A58","7",3,1.35329705300927,"female","hindu","id","Gujarati","gujarati",1
"290","Z07B05","7",3,1.35329705300927,"male","muslim","id","Gujarati","tamil",0
"291","Z07B12","7",3,2.35329705300927,"male","muslim","id","Gujarati","gujarati",1
"292","Z07B41","7",3,1.35329705300927,"female","muslim","id","Gujarati","gujarati",1
"293","Z07B55","7",3,2.35329705300927,"female","muslim","id","Gujarati","marathi",0
"294","Z07A02","7",3,1.35329705300927,"male","hindu","id","Gujarati","gujarati",1
"295","Z05C46","5",2,-0.646702946990732,"female","muslim","id","Gujarati","gujarati",1
"296","Z07A39","7",3,1.35329705300927,"female","hindu","id","Gujarati","gujarati",1
"297","Z07A50","7",3,2.35329705300927,"female","muslim","id","Gujarati","gujarati",1
"298","Z03C47","3",1,-2.34670294699073,"female","hindu","id","Gujarati","tamil",0
"299","Z07B06","7",3,2.35329705300927,"male","hindu","id","Gujarati","gujarati",1
"300","Z05B56","5",2,0.353297053009268,"female","muslim","id","Gujarati","gujarati",1
"301","Z03C48","3",1,-2.74670294699073,"female","hindu","id","Gujarati","gujarati",1
"302","Z03C10","3",1,-2.24670294699073,"male","hindu","id","Gujarati","gujarati",1
"303","Z03C14","3",1,-2.54670294699073,"male","hindu","id","Gujarati","gujarati",1
"304","Z05B62","5",2,-0.646702946990732,"female","hindu","id","Gujarati","gujarati",1
"305","Z05C04","5",2,-0.646702946990732,"male","hindu","id","Gujarati","gujarati",1
"306","Z05C09","5",2,-0.646702946990732,"male","hindu","id","Gujarati","gujarati",1
"307","Z05C49","5",2,-0.646702946990732,"female","hindu","id","Gujarati","gujarati",1
"308","Z07A01","7",3,1.35329705300927,"male","hindu","id","Gujarati","gujarati",1
"309","Z07A04","7",3,1.35329705300927,"male","hindu","id","Gujarati","gujarati",1
"310","Z07A06","7",3,2.35329705300927,"male","hindu","id","Gujarati","gujarati",1
"311","Z07A47","7",3,2.35329705300927,"female","hindu","id","Gujarati","gujarati",1
"312","Z07B08","7",3,1.35329705300927,"male","hindu","id","Gujarati","gujarati",1
"313","Z07B40","7",3,1.35329705300927,"female","hindu","id","Gujarati","gujarati",1
"314","Z07B43","7",3,1.35329705300927,"female","hindu","id","Gujarati","gujarati",1
"315","Z07B07","7",3,2.35329705300927,"male","hindu","id","Gujarati","gujarati",1
"316","Z05B32","5",2,0.353297053009268,"male","muslim","id","Gujarati","",NA
"317","Z03C07","3",1,-2.04670294699073,"male","hindu","id","English (India)","urdu",0
"318","Z05C10","5",2,-0.646702946990732,"male","muslim","id","English (India)","french",0
"319","Z03C04","3",1,-1.64670294699073,"male","muslim","id","English (India)","english",1
"320","Z03C49","3",1,-2.64670294699073,"female","muslim","id","English (India)","english",1
"321","Z05C06","5",2,-0.646702946990732,"male","other","id","English (India)","english",1
"322","Z05C45","5",2,-0.646702946990732,"female","hindu","id","English (India)","english",1
"323","Z05C50","5",2,-0.946702946990733,"female","hindu","id","English (India)","english",1
"324","Z07A09","7",3,1.35329705300927,"male",NA,"id","English (India)","english",1
"325","Z07A10","7",3,2.35329705300927,"male","muslim","id","English (India)","english",1
"326","Z07A12","7",3,2.35329705300927,"male","hindu","id","English (India)","tamil",0
"327","Z07A13","7",3,1.35329705300927,"male",NA,"id","English (India)","english",1
"328","Z07A14","7",3,2.35329705300927,"male","hindu","id","English (India)","arabic",0
"329","Z07A40","7",3,1.35329705300927,"female","muslim","id","English (India)","english",1
"330","Z07A45","7",3,1.35329705300927,"female","muslim","id","English (India)","chinese",0
"331","Z07A55","7",3,2.35329705300927,"female","hindu","id","English (India)","english",1
"332","Z07A59","7",3,2.35329705300927,"female","hindu","id","English (India)","english",1
"333","Z07B03","7",3,1.35329705300927,"male","hindu","id","English (India)","french",0
"334","Z07B11","7",3,2.35329705300927,"male","other","id","English (India)","english",1
"335","Z07B21","7",3,2.35329705300927,"male","muslim","id","English (India)","english",1
"336","Z07B38","7",3,2.35329705300927,"female","hindu","id","English (India)","english",1
"337","Z07B48","7",3,1.35329705300927,"female","muslim","id","English (India)","english",1
"338","Z05B11","5",2,0.353297053009268,"male","hindu","id","English (India)","urdu",0
"339","Z05B55","5",2,-0.646702946990732,"female","muslim","id","English (India)","english",1
"340","Z05B12","5",2,0.353297053009268,"male","muslim","id","English (India)","english",1
"341","Z05B19","5",2,0.353297053009268,"male","hindu","id","English (India)","english",1
"342","Z07A05","7",3,1.35329705300927,"male","muslim","id","English (India)","english",1
"343","Z05B17","5",2,-0.646702946990732,"male","hindu","id","English (India)","english",1
"344","Z07A42","7",3,1.35329705300927,"female","hindu","id","English (India)","english",1
"345","Z07B39","7",3,1.35329705300927,"female","hindu","id","English (India)","english",1
"346","Z05C44","5",2,-0.646702946990732,"female","hindu","id","English (India)","english",1
"347","Z03C01","3",1,-2.27842337709826,"male","muslim","id","English (India)","english",1
"348","Z03C02","3",1,-2.84670294699073,"male","muslim","id","English (India)","english",1
"349","Z03C43","3",1,-2.64670294699073,"female","muslim","id","English (India)","english",1
"350","Z03C44","3",1,-1.94670294699073,"female","hindu","id","English (India)","english",1
"351","Z03C46","3",1,-2.84670294699073,"female","muslim","id","English (India)","english",1
"352","Z05B05","5",2,-0.646702946990732,"male","muslim","id","English (India)","english",1
"353","Z05B20","5",2,-0.646702946990732,"male","muslim","id","English (India)","english",1
"354","Z05C48","5",2,-0.646702946990732,"female","muslim","id","English (India)","marathi",0
"355","Z05C56","5",2,-0.646702946990732,"female","muslim","id","English (India)","tamil",0
"356","Z07A11","7",3,2.35329705300927,"male","hindu","id","English (India)","english",1
"357","Z07A16","7",3,1.35329705300927,"male","muslim","id","English (India)","english",1
"358","Z07A18","7",3,1.35329705300927,"male","muslim","id","English (India)","chinese",0
"359","Z07A19","7",3,1.35329705300927,"male","muslim","id","English (India)","english",1
"360","Z07A20","7",3,1.35329705300927,"male","muslim","id","English (India)","english",1
"361","Z07A21","7",3,1.35329705300927,"male","hindu","id","English (India)","foreign",0
"362","Z07A41","7",3,1.35329705300927,"female","hindu","id","English (India)","english",1
"363","Z07A43","7",3,1.35329705300927,"female","muslim","id","English (India)","english",1
"364","Z07A46","7",3,1.35329705300927,"female","muslim","id","English (India)","foreign",0
"365","Z07A48","7",3,1.35329705300927,"female","muslim","id","English (India)","english",1
"366","Z07A51","7",3,2.35329705300927,"female","muslim","id","English (India)","english",1
"367","Z07A56","7",3,2.35329705300927,"female","hindu","id","English (India)","english",1
"368","Z07A58","7",3,1.35329705300927,"female","hindu","id","English (India)","english",1
"369","Z07B05","7",3,1.35329705300927,"male","muslim","id","English (India)","english",1
"370","Z07B12","7",3,2.35329705300927,"male","muslim","id","English (India)","english",1
"371","Z07B41","7",3,1.35329705300927,"female","muslim","id","English (India)","tamil",0
"372","Z07B55","7",3,2.35329705300927,"female","muslim","id","English (India)","english",1
"373","Z07A02","7",3,1.35329705300927,"male","hindu","id","English (India)","english",1
"374","Z05C46","5",2,-0.646702946990732,"female","muslim","id","English (India)","urdu",0
"375","Z07A39","7",3,1.35329705300927,"female","hindu","id","English (India)","english",1
"376","Z07A50","7",3,2.35329705300927,"female","muslim","id","English (India)","english",1
"377","Z03C47","3",1,-2.34670294699073,"female","hindu","id","English (India)","english",1
"378","Z07B06","7",3,2.35329705300927,"male","hindu","id","English (India)","english",1
"379","Z05B56","5",2,0.353297053009268,"female","muslim","id","English (India)","english",1
"380","Z03C48","3",1,-2.74670294699073,"female","hindu","id","English (India)","english",1
"381","Z03C10","3",1,-2.24670294699073,"male","hindu","id","English (India)","english",1
"382","Z03C14","3",1,-2.54670294699073,"male","hindu","id","English (India)","english",1
"383","Z05B62","5",2,-0.646702946990732,"female","hindu","id","English (India)","english",1
"384","Z05C04","5",2,-0.646702946990732,"male","hindu","id","English (India)","english",1
"385","Z05C09","5",2,-0.646702946990732,"male","hindu","id","English (India)","english",1
"386","Z05C49","5",2,-0.646702946990732,"female","hindu","id","English (India)","english",1
"387","Z07A01","7",3,1.35329705300927,"male","hindu","id","English (India)","english",1
"388","Z07A04","7",3,1.35329705300927,"male","hindu","id","English (India)","english",1
"389","Z07A06","7",3,2.35329705300927,"male","hindu","id","English (India)","english",1
"390","Z07A47","7",3,2.35329705300927,"female","hindu","id","English (India)","english",1
"391","Z07B08","7",3,1.35329705300927,"male","hindu","id","English (India)","english",1
"392","Z07B40","7",3,1.35329705300927,"female","hindu","id","English (India)","english",1
"393","Z07B43","7",3,1.35329705300927,"female","hindu","id","English (India)","tamil",0
"394","Z07B07","7",3,2.35329705300927,"male","hindu","id","English (India)","christian",0
"395","Z05B32","5",2,0.353297053009268,"male","muslim","id","English (India)","",NA
"396","Z03C07","3",1,-2.04670294699073,"male","hindu","id","Mandarin","chinese",1
"397","Z05C10","5",2,-0.646702946990732,"male","muslim","id","Mandarin","chinese",1
"398","Z03C04","3",1,-1.64670294699073,"male","muslim","id","Mandarin","chinese",1
"399","Z03C49","3",1,-2.64670294699073,"female","muslim","id","Mandarin","chinese",1
"400","Z05C06","5",2,-0.646702946990732,"male","other","id","Mandarin","chinese",1
"401","Z05C45","5",2,-0.646702946990732,"female","hindu","id","Mandarin","gujarati",0
"402","Z05C50","5",2,-0.946702946990733,"female","hindu","id","Mandarin","tamil",0
"403","Z07A09","7",3,1.35329705300927,"male",NA,"id","Mandarin","chinese",1
"404","Z07A10","7",3,2.35329705300927,"male","muslim","id","Mandarin","chinese",1
"405","Z07A12","7",3,2.35329705300927,"male","hindu","id","Mandarin","chinese",1
"406","Z07A13","7",3,1.35329705300927,"male",NA,"id","Mandarin","chinese",1
"407","Z07A14","7",3,2.35329705300927,"male","hindu","id","Mandarin","chinese",1
"408","Z07A40","7",3,1.35329705300927,"female","muslim","id","Mandarin","urdu",0
"409","Z07A45","7",3,1.35329705300927,"female","muslim","id","Mandarin","chinese",1
"410","Z07A55","7",3,2.35329705300927,"female","hindu","id","Mandarin","chinese",1
"411","Z07A59","7",3,2.35329705300927,"female","hindu","id","Mandarin","chinese",1
"412","Z07B03","7",3,1.35329705300927,"male","hindu","id","Mandarin","chinese",1
"413","Z07B11","7",3,2.35329705300927,"male","other","id","Mandarin","chinese",1
"414","Z07B21","7",3,2.35329705300927,"male","muslim","id","Mandarin","english",0
"415","Z07B38","7",3,2.35329705300927,"female","hindu","id","Mandarin","english",0
"416","Z07B48","7",3,1.35329705300927,"female","muslim","id","Mandarin","christian",0
"417","Z05B11","5",2,0.353297053009268,"male","hindu","id","Mandarin","tamil",0
"418","Z05B55","5",2,-0.646702946990732,"female","muslim","id","Mandarin","chinese",1
"419","Z05B12","5",2,0.353297053009268,"male","muslim","id","Mandarin","chinese",1
"420","Z05B19","5",2,0.353297053009268,"male","hindu","id","Mandarin","chinese",1
"421","Z07A05","7",3,1.35329705300927,"male","muslim","id","Mandarin","chinese",1
"422","Z05B17","5",2,-0.646702946990732,"male","hindu","id","Mandarin","chinese",1
"423","Z07A42","7",3,1.35329705300927,"female","hindu","id","Mandarin","chinese",1
"424","Z07B39","7",3,1.35329705300927,"female","hindu","id","Mandarin","chinese",1
"425","Z05C44","5",2,-0.646702946990732,"female","hindu","id","Mandarin","chinese",1
"426","Z03C01","3",1,-2.27842337709826,"male","muslim","id","Mandarin","japanese",0
"427","Z03C02","3",1,-2.84670294699073,"male","muslim","id","Mandarin","english",0
"428","Z03C43","3",1,-2.64670294699073,"female","muslim","id","Mandarin","chinese",1
"429","Z03C44","3",1,-1.94670294699073,"female","hindu","id","Mandarin","chinese",1
"430","Z03C46","3",1,-2.84670294699073,"female","muslim","id","Mandarin","chinese",1
"431","Z05B05","5",2,-0.646702946990732,"male","muslim","id","Mandarin","chinese",1
"432","Z05B20","5",2,-0.646702946990732,"male","muslim","id","Mandarin","chinese",1
"433","Z05C48","5",2,-0.646702946990732,"female","muslim","id","Mandarin","tamil",0
"434","Z05C56","5",2,-0.646702946990732,"female","muslim","id","Mandarin","marathi",0
"435","Z07A11","7",3,2.35329705300927,"male","hindu","id","Mandarin","french",0
"436","Z07A16","7",3,1.35329705300927,"male","muslim","id","Mandarin","chinese",1
"437","Z07A18","7",3,1.35329705300927,"male","muslim","id","Mandarin","chinese",1
"438","Z07A19","7",3,1.35329705300927,"male","muslim","id","Mandarin","chinese",1
"439","Z07A20","7",3,1.35329705300927,"male","muslim","id","Mandarin","chinese",1
"440","Z07A21","7",3,1.35329705300927,"male","hindu","id","Mandarin","chinese",1
"441","Z07A41","7",3,1.35329705300927,"female","hindu","id","Mandarin","chinese",1
"442","Z07A43","7",3,1.35329705300927,"female","muslim","id","Mandarin","chinese",1
"443","Z07A46","7",3,1.35329705300927,"female","muslim","id","Mandarin","chinese",1
"444","Z07A48","7",3,1.35329705300927,"female","muslim","id","Mandarin","chinese",1
"445","Z07A51","7",3,2.35329705300927,"female","muslim","id","Mandarin","chinese",1
"446","Z07A56","7",3,2.35329705300927,"female","hindu","id","Mandarin","chinese",1
"447","Z07A58","7",3,1.35329705300927,"female","hindu","id","Mandarin","chinese",1
"448","Z07B05","7",3,1.35329705300927,"male","muslim","id","Mandarin","chinese",1
"449","Z07B12","7",3,2.35329705300927,"male","muslim","id","Mandarin","french",0
"450","Z07B41","7",3,1.35329705300927,"female","muslim","id","Mandarin","jain",0
"451","Z07B55","7",3,2.35329705300927,"female","muslim","id","Mandarin","portugese",0
"452","Z07A02","7",3,1.35329705300927,"male","hindu","id","Mandarin","chinese",1
"453","Z05C46","5",2,-0.646702946990732,"female","muslim","id","Mandarin","tamil",0
"454","Z07A39","7",3,1.35329705300927,"female","hindu","id","Mandarin","chinese",1
"455","Z07A50","7",3,2.35329705300927,"female","muslim","id","Mandarin","chinese",1
"456","Z03C47","3",1,-2.34670294699073,"female","hindu","id","Mandarin","english",0
"457","Z07B06","7",3,2.35329705300927,"male","hindu","id","Mandarin","chinese",1
"458","Z05B56","5",2,0.353297053009268,"female","muslim","id","Mandarin","chinese",1
"459","Z03C48","3",1,-2.74670294699073,"female","hindu","id","Mandarin","urdu",0
"460","Z03C10","3",1,-2.24670294699073,"male","hindu","id","Mandarin","chinese",1
"461","Z03C14","3",1,-2.54670294699073,"male","hindu","id","Mandarin","chinese",1
"462","Z05B62","5",2,-0.646702946990732,"female","hindu","id","Mandarin","chinese",1
"463","Z05C04","5",2,-0.646702946990732,"male","hindu","id","Mandarin","chinese",1
"464","Z05C09","5",2,-0.646702946990732,"male","hindu","id","Mandarin","chinese",1
"465","Z05C49","5",2,-0.646702946990732,"female","hindu","id","Mandarin","chinese",1
"466","Z07A01","7",3,1.35329705300927,"male","hindu","id","Mandarin","chinese",1
"467","Z07A04","7",3,1.35329705300927,"male","hindu","id","Mandarin","chinese",1
"468","Z07A06","7",3,2.35329705300927,"male","hindu","id","Mandarin","chinese",1
"469","Z07A47","7",3,2.35329705300927,"female","hindu","id","Mandarin"," chinese",1
"470","Z07B08","7",3,1.35329705300927,"male","hindu","id","Mandarin","chinese",1
"471","Z07B40","7",3,1.35329705300927,"female","hindu","id","Mandarin","chinese",1
"472","Z07B43","7",3,1.35329705300927,"female","hindu","id","Mandarin","chinese",1
"473","Z07B07","7",3,2.35329705300927,"male","hindu","id","Mandarin","jain",0
"474","Z05B32","5",2,0.353297053009268,"male","muslim","id","Mandarin","",NA
"475","Z03C07","3",1,-2.04670294699073,"male","hindu","id","Tamil","urdu",0
"476","Z05C10","5",2,-0.646702946990732,"male","muslim","id","Tamil","punjabi",0
"477","Z03C04","3",1,-1.64670294699073,"male","muslim","id","Tamil","chinese",0
"478","Z03C49","3",1,-2.64670294699073,"female","muslim","id","Tamil","chinese",0
"479","Z05C06","5",2,-0.646702946990732,"male","other","id","Tamil","tamil",1
"480","Z05C45","5",2,-0.646702946990732,"female","hindu","id","Tamil","tamil",1
"481","Z05C50","5",2,-0.946702946990733,"female","hindu","id","Tamil","tamil",1
"482","Z07A09","7",3,1.35329705300927,"male",NA,"id","Tamil","sanskrit",0
"483","Z07A10","7",3,2.35329705300927,"male","muslim","id","Tamil","bengali",0
"484","Z07A12","7",3,2.35329705300927,"male","hindu","id","Tamil","sanskrit",0
"485","Z07A13","7",3,1.35329705300927,"male",NA,"id","Tamil","tamil",1
"486","Z07A14","7",3,2.35329705300927,"male","hindu","id","Tamil","sanskrit",0
"487","Z07A40","7",3,1.35329705300927,"female","muslim","id","Tamil","urdu",0
"488","Z07A45","7",3,1.35329705300927,"female","muslim","id","Tamil","marathi",0
"489","Z07A55","7",3,2.35329705300927,"female","hindu","id","Tamil","sanskrit",0
"490","Z07A59","7",3,2.35329705300927,"female","hindu","id","Tamil","sanskrit",0
"491","Z07B03","7",3,1.35329705300927,"male","hindu","id","Tamil","sanskrit",0
"492","Z07B11","7",3,2.35329705300927,"male","other","id","Tamil","tamil",1
"493","Z07B21","7",3,2.35329705300927,"male","muslim","id","Tamil","tamil",1
"494","Z07B38","7",3,2.35329705300927,"female","hindu","id","Tamil","sanskrit",0
"495","Z07B48","7",3,1.35329705300927,"female","muslim","id","Tamil","tamil",1
"496","Z05B11","5",2,0.353297053009268,"male","hindu","id","Tamil","chinese",0
"497","Z05B55","5",2,-0.646702946990732,"female","muslim","id","Tamil","tamil",1
"498","Z05B12","5",2,0.353297053009268,"male","muslim","id","Tamil","tamil",1
"499","Z05B19","5",2,0.353297053009268,"male","hindu","id","Tamil","tamil",1
"500","Z07A05","7",3,1.35329705300927,"male","muslim","id","Tamil","tamil",1
"501","Z05B17","5",2,-0.646702946990732,"male","hindu","id","Tamil","tamil",1
"502","Z07A42","7",3,1.35329705300927,"female","hindu","id","Tamil","sanskrit",0
"503","Z07B39","7",3,1.35329705300927,"female","hindu","id","Tamil","tamil",1
"504","Z05C44","5",2,-0.646702946990732,"female","hindu","id","Tamil","tamil",1
"505","Z03C01","3",1,-2.27842337709826,"male","muslim","id","Tamil","telegu",0
"506","Z03C02","3",1,-2.84670294699073,"male","muslim","id","Tamil","chinese",0
"507","Z03C43","3",1,-2.64670294699073,"female","muslim","id","Tamil","urdu",0
"508","Z03C44","3",1,-1.94670294699073,"female","hindu","id","Tamil","marathi",0
"509","Z03C46","3",1,-2.84670294699073,"female","muslim","id","Tamil","japanese",0
"510","Z05B05","5",2,-0.646702946990732,"male","muslim","id","Tamil","tamil",1
"511","Z05B20","5",2,-0.646702946990732,"male","muslim","id","Tamil","tamil",1
"512","Z05C48","5",2,-0.646702946990732,"female","muslim","id","Tamil","gujarati",0
"513","Z05C56","5",2,-0.646702946990732,"female","muslim","id","Tamil","tamil",1
"514","Z07A11","7",3,2.35329705300927,"male","hindu","id","Tamil","sanskrit",0
"515","Z07A16","7",3,1.35329705300927,"male","muslim","id","Tamil","chinese",0
"516","Z07A18","7",3,1.35329705300927,"male","muslim","id","Tamil","marathi",0
"517","Z07A19","7",3,1.35329705300927,"male","muslim","id","Tamil","telugu",0
"518","Z07A20","7",3,1.35329705300927,"male","muslim","id","Tamil","marathi",0
"519","Z07A21","7",3,1.35329705300927,"male","hindu","id","Tamil","aasami",0
"520","Z07A41","7",3,1.35329705300927,"female","hindu","id","Tamil","sanskrit",0
"521","Z07A43","7",3,1.35329705300927,"female","muslim","id","Tamil","tamil",1
"522","Z07A46","7",3,1.35329705300927,"female","muslim","id","Tamil","aaassemes",0
"523","Z07A48","7",3,1.35329705300927,"female","muslim","id","Tamil","bengali",0
"524","Z07A51","7",3,2.35329705300927,"female","muslim","id","Tamil","sanskrit",0
"525","Z07A56","7",3,2.35329705300927,"female","hindu","id","Tamil","tamil",1
"526","Z07A58","7",3,1.35329705300927,"female","hindu","id","Tamil","tamil",1
"527","Z07B05","7",3,1.35329705300927,"male","muslim","id","Tamil","suncrat",0
"528","Z07B12","7",3,2.35329705300927,"male","muslim","id","Tamil","sanskrit",0
"529","Z07B41","7",3,1.35329705300927,"female","muslim","id","Tamil","budduie",0
"530","Z07B55","7",3,2.35329705300927,"female","muslim","id","Tamil","china",0
"531","Z07A02","7",3,1.35329705300927,"male","hindu","id","Tamil","urdu",0
"532","Z05C46","5",2,-0.646702946990732,"female","muslim","id","Tamil","krila",0
"533","Z07A39","7",3,1.35329705300927,"female","hindu","id","Tamil","tamil",0
"534","Z07A50","7",3,2.35329705300927,"female","muslim","id","Tamil","jain",0
"535","Z03C47","3",1,-2.34670294699073,"female","hindu","id","Tamil","chinese",0
"536","Z07B06","7",3,2.35329705300927,"male","hindu","id","Tamil","tamil",1
"537","Z05B56","5",2,0.353297053009268,"female","muslim","id","Tamil","tamil",1
"538","Z03C48","3",1,-2.74670294699073,"female","hindu","id","Tamil","tamil",1
"539","Z03C10","3",1,-2.24670294699073,"male","hindu","id","Tamil","chinese",0
"540","Z03C14","3",1,-2.54670294699073,"male","hindu","id","Tamil","urdu",0
"541","Z05B62","5",2,-0.646702946990732,"female","hindu","id","Tamil","tamil",1
"542","Z05C04","5",2,-0.646702946990732,"male","hindu","id","Tamil","tamil",1
"543","Z05C09","5",2,-0.646702946990732,"male","hindu","id","Tamil","urdu",0
"544","Z05C49","5",2,-0.646702946990732,"female","hindu","id","Tamil","tamil",1
"545","Z07A01","7",3,1.35329705300927,"male","hindu","id","Tamil","tamil",1
"546","Z07A04","7",3,1.35329705300927,"male","hindu","id","Tamil","sanskrit",0
"547","Z07A06","7",3,2.35329705300927,"male","hindu","id","Tamil","idk",0
"548","Z07A06","7",3,2.35329705300927,"male","hindu","id","Tamil","",0
"549","Z07A47","7",3,2.35329705300927,"female","hindu","id","Tamil","sanskrit",0
"550","Z07B08","7",3,1.35329705300927,"male","hindu","id","Tamil","sanskrit",0
"551","Z07B40","7",3,1.35329705300927,"female","hindu","id","Tamil","sanskrit",0
"552","Z07B43","7",3,1.35329705300927,"female","hindu","id","Tamil","buddhist",0
"553","Z07B07","7",3,2.35329705300927,"male","hindu","id","Tamil","sanskrit",0
"554","Z05B32","5",2,0.353297053009268,"male","muslim","id","Tamil","",NA
"555","Z03C07","3",1,-2.04670294699073,"male","hindu","id","Urdu","hindi",0
"556","Z05C10","5",2,-0.646702946990732,"male","muslim","id","Urdu","hindi",0
"557","Z03C04","3",1,-1.64670294699073,"male","muslim","id","Urdu","hindi",0
"558","Z03C49","3",1,-2.64670294699073,"female","muslim","id","Urdu","gujarati",0
"559","Z05C06","5",2,-0.646702946990732,"male","other","id","Urdu","gujarati",0
"560","Z05C45","5",2,-0.646702946990732,"female","hindu","id","Urdu","gujarati",0
"561","Z05C50","5",2,-0.946702946990733,"female","hindu","id","Urdu","hindi",0
"562","Z07A09","7",3,1.35329705300927,"male",NA,"id","Urdu","hindi",0
"563","Z07A10","7",3,2.35329705300927,"male","muslim","id","Urdu","hindi",0
"564","Z07A12","7",3,2.35329705300927,"male","hindu","id","Urdu","hindi",0
"565","Z07A13","7",3,1.35329705300927,"male",NA,"id","Urdu","hindi",1
"566","Z07A14","7",3,2.35329705300927,"male","hindu","id","Urdu","hindi",0
"567","Z07A40","7",3,1.35329705300927,"female","muslim","id","Urdu","hindi",0
"568","Z07A45","7",3,1.35329705300927,"female","muslim","id","Urdu","hindi",0
"569","Z07A55","7",3,2.35329705300927,"female","hindu","id","Urdu","hindi",0
"570","Z07A59","7",3,2.35329705300927,"female","hindu","id","Urdu","hindi",0
"571","Z07B03","7",3,1.35329705300927,"male","hindu","id","Urdu","hindi",0
"572","Z07B11","7",3,2.35329705300927,"male","other","id","Urdu","hindi",1
"573","Z07B21","7",3,2.35329705300927,"male","muslim","id","Urdu","hindi",0
"574","Z07B38","7",3,2.35329705300927,"female","hindu","id","Urdu","hindi",0
"575","Z07B48","7",3,1.35329705300927,"female","muslim","id","Urdu","hindi",0
"576","Z05B11","5",2,0.353297053009268,"male","hindu","id","Urdu","hindi",0
"577","Z05B55","5",2,-0.646702946990732,"female","muslim","id","Urdu","hindi",0
"578","Z05B12","5",2,0.353297053009268,"male","muslim","id","Urdu","hindi",0
"579","Z05B19","5",2,0.353297053009268,"male","hindu","id","Urdu","hindi",0
"580","Z07A05","7",3,1.35329705300927,"male","muslim","id","Urdu","hindi",0
"581","Z05B17","5",2,-0.646702946990732,"male","hindu","id","Urdu","hindi",0
"582","Z07A42","7",3,1.35329705300927,"female","hindu","id","Urdu","hindi",0
"583","Z07B39","7",3,1.35329705300927,"female","hindu","id","Urdu","hindi",0
"584","Z05C44","5",2,-0.646702946990732,"female","hindu","id","Urdu","hindi",0
"585","Z03C01","3",1,-2.27842337709826,"male","muslim","id","Urdu","urdu",1
"586","Z03C02","3",1,-2.84670294699073,"male","muslim","id","Urdu","english",0
"587","Z03C43","3",1,-2.64670294699073,"female","muslim","id","Urdu","hindi",0
"588","Z03C44","3",1,-1.94670294699073,"female","hindu","id","Urdu","hindi",0
"589","Z03C46","3",1,-2.84670294699073,"female","muslim","id","Urdu","urdu",1
"590","Z05B05","5",2,-0.646702946990732,"male","muslim","id","Urdu","hindi",0
"591","Z05B20","5",2,-0.646702946990732,"male","muslim","id","Urdu","hindi",0
"592","Z05C48","5",2,-0.646702946990732,"female","muslim","id","Urdu","urdu",1
"593","Z05C56","5",2,-0.646702946990732,"female","muslim","id","Urdu","hindi",0
"594","Z07A11","7",3,2.35329705300927,"male","hindu","id","Urdu","hindi",0
"595","Z07A16","7",3,1.35329705300927,"male","muslim","id","Urdu","hindi",0
"596","Z07A18","7",3,1.35329705300927,"male","muslim","id","Urdu","marathi",0
"597","Z07A19","7",3,1.35329705300927,"male","muslim","id","Urdu","hindi",0
"598","Z07A20","7",3,1.35329705300927,"male","muslim","id","Urdu","hindi",0
"599","Z07A21","7",3,1.35329705300927,"male","hindu","id","Urdu","sanskrit",0
"600","Z07A41","7",3,1.35329705300927,"female","hindu","id","Urdu","hindi",0
"601","Z07A43","7",3,1.35329705300927,"female","muslim","id","Urdu","hindi",0
"602","Z07A46","7",3,1.35329705300927,"female","muslim","id","Urdu","hindi",0
"603","Z07A48","7",3,1.35329705300927,"female","muslim","id","Urdu","hindi",0
"604","Z07A51","7",3,2.35329705300927,"female","muslim","id","Urdu","hindi",0
"605","Z07A56","7",3,2.35329705300927,"female","hindu","id","Urdu","hindi",0
"606","Z07A58","7",3,1.35329705300927,"female","hindu","id","Urdu","hindi",0
"607","Z07B05","7",3,1.35329705300927,"male","muslim","id","Urdu","hindi",0
"608","Z07B12","7",3,2.35329705300927,"male","muslim","id","Urdu","hindi",0
"609","Z07B41","7",3,1.35329705300927,"female","muslim","id","Urdu","hindi",0
"610","Z07B55","7",3,2.35329705300927,"female","muslim","id","Urdu","hindi",0
"611","Z07A02","7",3,1.35329705300927,"male","hindu","id","Urdu","hindi",0
"612","Z05C46","5",2,-0.646702946990732,"female","muslim","id","Urdu","hindi",0
"613","Z07A39","7",3,1.35329705300927,"female","hindu","id","Urdu","hindu",0
"614","Z07A50","7",3,2.35329705300927,"female","muslim","id","Urdu","hindi",0
"615","Z03C47","3",1,-2.34670294699073,"female","hindu","id","Urdu","hindi",0
"616","Z07B06","7",3,2.35329705300927,"male","hindu","id","Urdu","hindi",0
"617","Z05B56","5",2,0.353297053009268,"female","muslim","id","Urdu","hindi",0
"618","Z03C48","3",1,-2.74670294699073,"female","hindu","id","Urdu","hindi",0
"619","Z03C10","3",1,-2.24670294699073,"male","hindu","id","Urdu","hindi",0
"620","Z03C14","3",1,-2.54670294699073,"male","hindu","id","Urdu","gujarati",0
"621","Z05B62","5",2,-0.646702946990732,"female","hindu","id","Urdu","hindi",0
"622","Z05C04","5",2,-0.646702946990732,"male","hindu","id","Urdu","hindi",0
"623","Z05C09","5",2,-0.646702946990732,"male","hindu","id","Urdu","hindi",0
"624","Z05C49","5",2,-0.646702946990732,"female","hindu","id","Urdu","hindi",0
"625","Z07A01","7",3,1.35329705300927,"male","hindu","id","Urdu","hindi",0
"626","Z07A04","7",3,1.35329705300927,"male","hindu","id","Urdu","hindi",0
"627","Z07A06","7",3,2.35329705300927,"male","hindu","id","Urdu","hindi",0
"628","Z07A06","7",3,2.35329705300927,"male","hindu","id","Urdu","hindi",1
"629","Z07A47","7",3,2.35329705300927,"female","hindu","id","Urdu","hindi",0
"630","Z07B08","7",3,1.35329705300927,"male","hindu","id","Urdu","hindi",0
"631","Z07B40","7",3,1.35329705300927,"female","hindu","id","Urdu","hindi",0
"632","Z07B43","7",3,1.35329705300927,"female","hindu","id","Urdu","hindi",0
"633","Z07B07","7",3,2.35329705300927,"male","hindu","id","Urdu","hindu",0
"634","Z05B32","5",2,0.353297053009268,"male","muslim","id","Urdu","",NA
"635","Z05B46","5",2,-0.646702946990732,"female","muslim","id","Marathi","tamil",0
"636","Z03A51","3",1,-2.73541262441008,"female","hindu","id","Marathi","chinese",0
"637","Z05B03","5",2,-0.646702946990732,"male","hindu","id","Marathi","hindi",0
"638","Z05B46","5",2,-0.646702946990732,"female","muslim","id","English (U.S.)","english",1
"639","Z03A51","3",1,-2.73541262441008,"female","hindu","id","English (U.S.)","english",1
"640","Z05B03","5",2,-0.646702946990732,"male","hindu","id","English (U.S.)","english",1
"641","Z05B46","5",2,-0.646702946990732,"female","muslim","id","Hindi","hindi",1
"642","Z03A51","3",1,-2.73541262441008,"female","hindu","id","Hindi","hindi",1
"643","Z05B03","5",2,-0.646702946990732,"male","hindu","id","Hindi","urdu",0
"644","Z05B46","5",2,-0.646702946990732,"female","muslim","id","Gujarati","gujarati",1
"645","Z03A51","3",1,-2.73541262441008,"female","hindu","id","Gujarati","gujarati",1
"646","Z05B03","5",2,-0.646702946990732,"male","hindu","id","Gujarati","gujarati",1
"647","Z05B46","5",2,-0.646702946990732,"female","muslim","id","English (India)","urdu",0
"648","Z03A51","3",1,-2.73541262441008,"female","hindu","id","English (India)","english",1
"649","Z05B03","5",2,-0.646702946990732,"male","hindu","id","English (India)","english",1
"650","Z05B46","5",2,-0.646702946990732,"female","muslim","id","Mandarin","chinese",1
"651","Z03A51","3",1,-2.73541262441008,"female","hindu","id","Mandarin","marathi",0
"652","Z05B03","5",2,-0.646702946990732,"male","hindu","id","Mandarin","chinese",1
"653","Z05B46","5",2,-0.646702946990732,"female","muslim","id","Tamil","urdu",0
"654","Z03A51","3",1,-2.73541262441008,"female","hindu","id","Tamil","tamil",1
"655","Z05B03","5",2,-0.646702946990732,"male","hindu","id","Tamil","tamil",1
"656","Z05B46","5",2,-0.646702946990732,"female","muslim","id","Urdu","hindi",0
"657","Z03A51","3",1,-2.73541262441008,"female","hindu","id","Urdu","urdu",1
"658","Z05B03","5",2,-0.646702946990732,"male","hindu","id","Urdu","hindi",0
"659","Z03A59","3",1,-2.39132660290471,"female","hindu","id","Marathi","marathi",1
"660","Z03A09","3",1,-2.1897136996789,"male","muslim","id","Marathi","urdu",0
"661","Z03A59","3",1,-2.39132660290471,"female","hindu","id","English (U.S.)","english",1
"662","Z03A09","3",1,-2.1897136996789,"male","muslim","id","English (U.S.)","english",1
"663","Z03A59","3",1,-2.39132660290471,"female","hindu","id","Hindi","hindi",1
"664","Z03A09","3",1,-2.1897136996789,"male","muslim","id","Hindi","urdu",0
"665","Z03A59","3",1,-2.39132660290471,"female","hindu","id","Gujarati","urdu",0
"666","Z03A09","3",1,-2.1897136996789,"male","muslim","id","Gujarati","hindi",0
"667","Z03A59","3",1,-2.39132660290471,"female","hindu","id","English (India)","tamil",0
"668","Z03A09","3",1,-2.1897136996789,"male","muslim","id","English (India)","english",1
"669","Z03A59","3",1,-2.39132660290471,"female","hindu","id","Mandarin","marathi",0
"670","Z03A09","3",1,-2.1897136996789,"male","muslim","id","Mandarin","marathi",0
"671","Z03A59","3",1,-2.39132660290471,"female","hindu","id","Tamil","marathi",0
"672","Z03A09","3",1,-2.1897136996789,"male","muslim","id","Tamil","english",0
"673","Z03A59","3",1,-2.39132660290471,"female","hindu","id","Urdu","gujarati",0
"674","Z03A09","3",1,-2.1897136996789,"male","muslim","id","Urdu","urdu",1
"675","Z03A16","3",1,-2.95046638785095,"male","muslim","id","Marathi","marathi",1
"676","Z03A06","3",1,-2.46121907602299,"male","muslim","id","Marathi","tamil",0
"677","Z03A60","3",1,-2.4397136996789,"female","other","id","Marathi","marathi",1
"678","Z03A16","3",1,-2.95046638785095,"male","muslim","id","English (U.S.)","english",1
"679","Z03A06","3",1,-2.46121907602299,"male","muslim","id","English (U.S.)","english",1
"680","Z03A60","3",1,-2.4397136996789,"female","other","id","English (U.S.)","english",1
"681","Z03A16","3",1,-2.95046638785095,"male","muslim","id","Hindi","urdu",0
"682","Z03A06","3",1,-2.46121907602299,"male","muslim","id","Hindi","hindi",1
"683","Z03A60","3",1,-2.4397136996789,"female","other","id","Hindi","hindi",1
"684","Z03A16","3",1,-2.95046638785095,"male","muslim","id","Gujarati","punjabi",0
"685","Z03A06","3",1,-2.46121907602299,"male","muslim","id","Gujarati","gujarati",1
"686","Z03A60","3",1,-2.4397136996789,"female","other","id","Gujarati","gujarati",1
"687","Z03A16","3",1,-2.95046638785095,"male","muslim","id","English (India)","tamil",0
"688","Z03A06","3",1,-2.46121907602299,"male","muslim","id","English (India)","chinese",0
"689","Z03A60","3",1,-2.4397136996789,"female","other","id","English (India)","english",1
"690","Z03A16","3",1,-2.95046638785095,"male","muslim","id","Mandarin","pongul",0
"691","Z03A06","3",1,-2.46121907602299,"male","muslim","id","Mandarin","marathi",0
"692","Z03A60","3",1,-2.4397136996789,"female","other","id","Mandarin","hindi",0
"693","Z03A16","3",1,-2.95046638785095,"male","muslim","id","Tamil","chinese",0
"694","Z03A06","3",1,-2.46121907602299,"male","muslim","id","Tamil","urdu",0
"695","Z03A60","3",1,-2.4397136996789,"female","other","id","Tamil","urdu",0
"696","Z03A16","3",1,-2.95046638785095,"male","muslim","id","Urdu","odisha",0
"697","Z03A06","3",1,-2.46121907602299,"male","muslim","id","Urdu","tamil",0
"698","Z03A60","3",1,-2.4397136996789,"female","other","id","Urdu","hindi",0
"699","Z05A05","5",2,-0.646702946990732,"male","hindu","id","Marathi","sanskrit",NA
"700","Z05A13","5",2,0.353297053009268,"male","hindu","id","Marathi","tamil",NA
"701","Z05A42","5",2,-0.646702946990732,"female","other","id","Marathi","sanskrit",0
"702","Z05A47","5",2,-0.646702946990732,"female","hindu","id","Marathi","marathi",1
"703","Z05A52","5",2,-0.646702946990732,"female","hindu","id","Marathi","gujarati",0
"704","Z05B44","5",2,0.353297053009268,"female","muslim","id","Marathi","marathi",1
"705","Z05B48","5",2,-0.646702946990732,"female","hindu","id","Marathi","chinese",0
"706","Z05A10","5",2,-0.646702946990732,"male","muslim","id","Marathi","tamil",0
"707","Z05A19","5",2,0.353297053009268,"male","muslim","id","Marathi","",NA
"708","Z05A19","5",2,0.353297053009268,"male","muslim","id","Marathi","marathi",1
"709","Z05A48","5",2,0.353297053009268,"female","muslim","id","Marathi","tamil",0
"710","Z05A49","5",2,-0.746702946990732,"female","hindu","id","Marathi","marathi",1
"711","Z05B16","5",2,0.353297053009268,"male","muslim","id","Marathi","tamil",0
"712","Z05B47","5",2,-0.646702946990732,"female","hindu","id","Marathi","tamil",0
"713","Z05A51","5",2,0.353297053009268,"female","hindu","id","Marathi","chinese",0
"714","Z05A09","5",2,0.353297053009268,"male","muslim","id","Marathi","marathi",0
"715","Z05B04","5",2,-0.646702946990732,"male","hindu","id","Marathi","hindi",0
"716","Z05B50","5",2,-0.846702946990732,"female","muslim","id","Marathi","marathi",1
"717","Z05A04","5",2,-0.646702946990732,"male","hindu","id","Marathi","marathi",1
"718","Z05A43","5",2,-0.646702946990732,"female","hindu","id","Marathi","marathi",1
"719","Z05A05","5",2,-0.646702946990732,"male","hindu","id","English (U.S.)","english",NA
"720","Z05A13","5",2,0.353297053009268,"male","hindu","id","English (U.S.)","english",NA
"721","Z05A42","5",2,-0.646702946990732,"female","other","id","English (U.S.)","english",1
"722","Z05A47","5",2,-0.646702946990732,"female","hindu","id","English (U.S.)","english",1
"723","Z05A52","5",2,-0.646702946990732,"female","hindu","id","English (U.S.)","english",1
"724","Z05B44","5",2,0.353297053009268,"female","muslim","id","English (U.S.)","english",1
"725","Z05B48","5",2,-0.646702946990732,"female","hindu","id","English (U.S.)","urdu",0
"726","Z05A10","5",2,-0.646702946990732,"male","muslim","id","English (U.S.)","english",1
"727","Z05A19","5",2,0.353297053009268,"male","muslim","id","English (U.S.)","",NA
"728","Z05A19","5",2,0.353297053009268,"male","muslim","id","English (U.S.)","english",1
"729","Z05A48","5",2,0.353297053009268,"female","muslim","id","English (U.S.)","english",1
"730","Z05A49","5",2,-0.746702946990732,"female","hindu","id","English (U.S.)","english",1
"731","Z05B16","5",2,0.353297053009268,"male","muslim","id","English (U.S.)","english",1
"732","Z05B47","5",2,-0.646702946990732,"female","hindu","id","English (U.S.)","english",1
"733","Z05A51","5",2,0.353297053009268,"female","hindu","id","English (U.S.)","english",1
"734","Z05A09","5",2,0.353297053009268,"male","muslim","id","English (U.S.)","english",1
"735","Z05B04","5",2,-0.646702946990732,"male","hindu","id","English (U.S.)","english",1
"736","Z05B50","5",2,-0.846702946990732,"female","muslim","id","English (U.S.)","english",1
"737","Z05A04","5",2,-0.646702946990732,"male","hindu","id","English (U.S.)","english",1
"738","Z05A43","5",2,-0.646702946990732,"female","hindu","id","English (U.S.)","english",1
"739","Z05A05","5",2,-0.646702946990732,"male","hindu","id","Hindi","hindi",NA
"740","Z05A13","5",2,0.353297053009268,"male","hindu","id","Hindi","hindi",NA
"741","Z05A42","5",2,-0.646702946990732,"female","other","id","Hindi","hindi",1
"742","Z05A47","5",2,-0.646702946990732,"female","hindu","id","Hindi","hindi",1
"743","Z05A52","5",2,-0.646702946990732,"female","hindu","id","Hindi","hindi",1
"744","Z05B44","5",2,0.353297053009268,"female","muslim","id","Hindi","hindi",1
"745","Z05B48","5",2,-0.646702946990732,"female","hindu","id","Hindi","hindi",1
"746","Z05A10","5",2,-0.646702946990732,"male","muslim","id","Hindi","gujarati",0
"747","Z05A19","5",2,0.353297053009268,"male","muslim","id","Hindi","",NA
"748","Z05A19","5",2,0.353297053009268,"male","muslim","id","Hindi","hindi",1
"749","Z05A48","5",2,0.353297053009268,"female","muslim","id","Hindi","hindi",1
"750","Z05A49","5",2,-0.746702946990732,"female","hindu","id","Hindi","hindi",1
"751","Z05B16","5",2,0.353297053009268,"male","muslim","id","Hindi","hindi",1
"752","Z05B47","5",2,-0.646702946990732,"female","hindu","id","Hindi","hindi",1
"753","Z05A51","5",2,0.353297053009268,"female","hindu","id","Hindi","hindi",1
"754","Z05A09","5",2,0.353297053009268,"male","muslim","id","Hindi","hindi",1
"755","Z05B04","5",2,-0.646702946990732,"male","hindu","id","Hindi","hindi",1
"756","Z05B50","5",2,-0.846702946990732,"female","muslim","id","Hindi","hindi",1
"757","Z05A04","5",2,-0.646702946990732,"male","hindu","id","Hindi","hindi",1
"758","Z05A43","5",2,-0.646702946990732,"female","hindu","id","Hindi","hindi",1
"759","Z05A05","5",2,-0.646702946990732,"male","hindu","id","Gujarati","gujarati",NA
"760","Z05A13","5",2,0.353297053009268,"male","hindu","id","Gujarati","gujarati",NA
"761","Z05A42","5",2,-0.646702946990732,"female","other","id","Gujarati","marathi",0
"762","Z05A47","5",2,-0.646702946990732,"female","hindu","id","Gujarati","gujarati",1
"763","Z05A52","5",2,-0.646702946990732,"female","hindu","id","Gujarati","guajarati",1
"764","Z05B44","5",2,0.353297053009268,"female","muslim","id","Gujarati","gujarati",1
"765","Z05B48","5",2,-0.646702946990732,"female","hindu","id","Gujarati","gujarati",1
"766","Z05A10","5",2,-0.646702946990732,"male","muslim","id","Gujarati","hindi",0
"767","Z05A19","5",2,0.353297053009268,"male","muslim","id","Gujarati","",NA
"768","Z05A19","5",2,0.353297053009268,"male","muslim","id","Gujarati","chinese",0
"769","Z05A48","5",2,0.353297053009268,"female","muslim","id","Gujarati","gujarati",1
"770","Z05A49","5",2,-0.746702946990732,"female","hindu","id","Gujarati","guajrati",1
"771","Z05B16","5",2,0.353297053009268,"male","muslim","id","Gujarati","marathi",0
"772","Z05B47","5",2,-0.646702946990732,"female","hindu","id","Gujarati","gujarati",1
"773","Z05A51","5",2,0.353297053009268,"female","hindu","id","Gujarati","gujarati",1
"774","Z05A09","5",2,0.353297053009268,"male","muslim","id","Gujarati","gujarati",1
"775","Z05B04","5",2,-0.646702946990732,"male","hindu","id","Gujarati","gujarati",1
"776","Z05B50","5",2,-0.846702946990732,"female","muslim","id","Gujarati","gujarati",1
"777","Z05A04","5",2,-0.646702946990732,"male","hindu","id","Gujarati","gujarati",1
"778","Z05A43","5",2,-0.646702946990732,"female","hindu","id","Gujarati","gujarati",1
"779","Z05A05","5",2,-0.646702946990732,"male","hindu","id","English (India)","english",NA
"780","Z05A13","5",2,0.353297053009268,"male","hindu","id","English (India)","english",NA
"781","Z05A42","5",2,-0.646702946990732,"female","other","id","English (India)","english",1
"782","Z05A47","5",2,-0.646702946990732,"female","hindu","id","English (India)","english",1
"783","Z05A52","5",2,-0.646702946990732,"female","hindu","id","English (India)","chinese",0
"784","Z05B44","5",2,0.353297053009268,"female","muslim","id","English (India)","chinese",0
"785","Z05B48","5",2,-0.646702946990732,"female","hindu","id","English (India)","english",1
"786","Z05A10","5",2,-0.646702946990732,"male","muslim","id","English (India)","english",1
"787","Z05A19","5",2,0.353297053009268,"male","muslim","id","English (India)","english",1
"788","Z05A19","5",2,0.353297053009268,"male","muslim","id","English (India)","",NA
"789","Z05A48","5",2,0.353297053009268,"female","muslim","id","English (India)","english",1
"790","Z05A49","5",2,-0.746702946990732,"female","hindu","id","English (India)","chinese",0
"791","Z05B16","5",2,0.353297053009268,"male","muslim","id","English (India)","chinese",0
"792","Z05B47","5",2,-0.646702946990732,"female","hindu","id","English (India)","tamil",0
"793","Z05A51","5",2,0.353297053009268,"female","hindu","id","English (India)","english",0
"794","Z05A09","5",2,0.353297053009268,"male","muslim","id","English (India)","english",1
"795","Z05B04","5",2,-0.646702946990732,"male","hindu","id","English (India)","english",1
"796","Z05B50","5",2,-0.846702946990732,"female","muslim","id","English (India)","english",1
"797","Z05A04","5",2,-0.646702946990732,"male","hindu","id","English (India)","chinese",0
"798","Z05A43","5",2,-0.646702946990732,"female","hindu","id","English (India)","english",1
"799","Z05A05","5",2,-0.646702946990732,"male","hindu","id","Mandarin","french",NA
"800","Z05A13","5",2,0.353297053009268,"male","hindu","id","Mandarin","chinese",NA
"801","Z05A42","5",2,-0.646702946990732,"female","other","id","Mandarin","chinese",1
"802","Z05A47","5",2,-0.646702946990732,"female","hindu","id","Mandarin","chinese",1
"803","Z05A52","5",2,-0.646702946990732,"female","hindu","id","Mandarin","chinese",1
"804","Z05B44","5",2,0.353297053009268,"female","muslim","id","Mandarin","urdu",0
"805","Z05B48","5",2,-0.646702946990732,"female","hindu","id","Mandarin","tamil",0
"806","Z05A10","5",2,-0.646702946990732,"male","muslim","id","Mandarin","chinese",1
"807","Z05A19","5",2,0.353297053009268,"male","muslim","id","Mandarin","chinese",1
"808","Z05A19","5",2,0.353297053009268,"male","muslim","id","Mandarin","",NA
"809","Z05A48","5",2,0.353297053009268,"female","muslim","id","Mandarin","chinese",1
"810","Z05A49","5",2,-0.746702946990732,"female","hindu","id","Mandarin","english",0
"811","Z05B16","5",2,0.353297053009268,"male","muslim","id","Mandarin","english",0
"812","Z05B47","5",2,-0.646702946990732,"female","hindu","id","Mandarin","chinese",0
"813","Z05A51","5",2,0.353297053009268,"female","hindu","id","Mandarin","marathi",0
"814","Z05A09","5",2,0.353297053009268,"male","muslim","id","Mandarin","tamil",0
"815","Z05B04","5",2,-0.646702946990732,"male","hindu","id","Mandarin","chinese",1
"816","Z05B50","5",2,-0.846702946990732,"female","muslim","id","Mandarin","marathi",0
"817","Z05A04","5",2,-0.646702946990732,"male","hindu","id","Mandarin","chinese",1
"818","Z05A43","5",2,-0.646702946990732,"female","hindu","id","Mandarin","chinese",1
"819","Z05A05","5",2,-0.646702946990732,"male","hindu","id","Tamil","english",NA
"820","Z05A13","5",2,0.353297053009268,"male","hindu","id","Tamil","urdu",NA
"821","Z05A42","5",2,-0.646702946990732,"female","other","id","Tamil","tamil",1
"822","Z05A47","5",2,-0.646702946990732,"female","hindu","id","Tamil","malalyam",0
"823","Z05A52","5",2,-0.646702946990732,"female","hindu","id","Tamil","tamil",1
"824","Z05B44","5",2,0.353297053009268,"female","muslim","id","Tamil","english",0
"825","Z05B48","5",2,-0.646702946990732,"female","hindu","id","Tamil","tamil",1
"826","Z05A10","5",2,-0.646702946990732,"male","muslim","id","Tamil","gujarati",0
"827","Z05A19","5",2,0.353297053009268,"male","muslim","id","Tamil","gujarati",0
"828","Z05A19","5",2,0.353297053009268,"male","muslim","id","Tamil","",NA
"829","Z05A48","5",2,0.353297053009268,"female","muslim","id","Tamil","marathi",0
"830","Z05A49","5",2,-0.746702946990732,"female","hindu","id","Tamil","tamil",1
"831","Z05B16","5",2,0.353297053009268,"male","muslim","id","Tamil","urdu",0
"832","Z05B47","5",2,-0.646702946990732,"female","hindu","id","Tamil","marathi",0
"833","Z05A51","5",2,0.353297053009268,"female","hindu","id","Tamil","tamil",1
"834","Z05A09","5",2,0.353297053009268,"male","muslim","id","Tamil","chinese",0
"835","Z05B04","5",2,-0.646702946990732,"male","hindu","id","Tamil","urdu",0
"836","Z05B50","5",2,-0.846702946990732,"female","muslim","id","Tamil","tamil",1
"837","Z05A04","5",2,-0.646702946990732,"male","hindu","id","Tamil","urdu",0
"838","Z05A43","5",2,-0.646702946990732,"female","hindu","id","Tamil","malalyam",0
"839","Z05A05","5",2,-0.646702946990732,"male","hindu","id","Urdu","hindi",NA
"840","Z05A13","5",2,0.353297053009268,"male","hindu","id","Urdu","hindi",NA
"841","Z05A42","5",2,-0.646702946990732,"female","other","id","Urdu","hindi",0
"842","Z05A47","5",2,-0.646702946990732,"female","hindu","id","Urdu","hindi",0
"843","Z05A52","5",2,-0.646702946990732,"female","hindu","id","Urdu","hindi",0
"844","Z05B44","5",2,0.353297053009268,"female","muslim","id","Urdu","hindi",0
"845","Z05B48","5",2,-0.646702946990732,"female","hindu","id","Urdu","urdu",1
"846","Z05A10","5",2,-0.646702946990732,"male","muslim","id","Urdu","hindi",0
"847","Z05A19","5",2,0.353297053009268,"male","muslim","id","Urdu","hindi",0
"848","Z05A19","5",2,0.353297053009268,"male","muslim","id","Urdu","",NA
"849","Z05A48","5",2,0.353297053009268,"female","muslim","id","Urdu","hindi",0
"850","Z05A49","5",2,-0.746702946990732,"female","hindu","id","Urdu","hindi",0
"851","Z05B16","5",2,0.353297053009268,"male","muslim","id","Urdu","gujarati",0
"852","Z05B47","5",2,-0.646702946990732,"female","hindu","id","Urdu","hindi",0
"853","Z05A51","5",2,0.353297053009268,"female","hindu","id","Urdu","urdu",1
"854","Z05A09","5",2,0.353297053009268,"male","muslim","id","Urdu","urdu",1
"855","Z05B04","5",2,-0.646702946990732,"male","hindu","id","Urdu","hindi",0
"856","Z05B50","5",2,-0.846702946990732,"female","muslim","id","Urdu","hindi",0
"857","Z05A04","5",2,-0.646702946990732,"male","hindu","id","Urdu","hindi",0
"858","Z05A43","5",2,-0.646702946990732,"female","hindu","id","Urdu","hindi",0
"859","Z07B42","7",3,1.35329705300927,"female","muslim","id","Marathi","gujarati",0
"860","Z07B42","7",3,1.35329705300927,"female","muslim","id","English (U.S.)","english",1
"861","Z07B42","7",3,1.35329705300927,"female","muslim","id","Hindi","hindi",1
"862","Z05A03","5",2,-0.646702946990732,"male","hindu","id","Marathi","hindi",0
"863","Z05A4X","5",2,-0.646702946990732,"female","hindu","id","Marathi","marathi",NA
"864","Z05C07","5",2,0.353297053009268,"male","muslim","id","Marathi","tamil",NA
"865","Z07B42","7",3,1.35329705300927,"female","muslim","id","Gujarati","gujarati",1
"866","Z05A08","5",2,-0.646702946990732,"male","hindu","id","Marathi","marathi",1
"867","Z05A33","5",2,-0.846702946990732,"male","muslim","id","Marathi","tamil",0
"868","Z05A53","5",2,0.353297053009268,"female","muslim","id","Marathi","tamil",0
"869","Z05C51","5",2,-0.646702946990732,"female","muslim","id","Marathi","hindi",NA
"870","Z05A57","5",2,-0.646702946990732,"female","hindu","id","Marathi","urdu",0
"871","Z05A07","5",2,0.353297053009268,"male","hindu","id","Marathi","marathi",1
"872","Z05A56","5",2,-0.646702946990732,"female","hindu","id","Marathi","marathi",1
"873","Z05C03","5",2,-0.646702946990732,"male","hindu","id","Marathi","marathi",NA
"874","Z05A60","5",2,-0.646702946990732,"female","hindu","id","Marathi","marathi",1
"875","Z05A03","5",2,-0.646702946990732,"male","hindu","id","English (U.S.)","english",1
"876","Z05A4X","5",2,-0.646702946990732,"female","hindu","id","English (U.S.)","english",NA
"877","Z05C07","5",2,0.353297053009268,"male","muslim","id","English (U.S.)","english",NA
"878","Z07B42","7",3,1.35329705300927,"female","muslim","id","English (India)","english",1
"879","Z05A08","5",2,-0.646702946990732,"male","hindu","id","English (U.S.)","english",1
"880","Z05A33","5",2,-0.846702946990732,"male","muslim","id","English (U.S.)","english",1
"881","Z05A53","5",2,0.353297053009268,"female","muslim","id","English (U.S.)","english",1
"882","Z05C51","5",2,-0.646702946990732,"female","muslim","id","English (U.S.)","english",NA
"883","Z05A57","5",2,-0.646702946990732,"female","hindu","id","English (U.S.)","english",1
"884","Z05A07","5",2,0.353297053009268,"male","hindu","id","English (U.S.)","english",1
"885","Z05A56","5",2,-0.646702946990732,"female","hindu","id","English (U.S.)","english",1
"886","Z05C03","5",2,-0.646702946990732,"male","hindu","id","English (U.S.)","english",NA
"887","Z05A60","5",2,-0.646702946990732,"female","hindu","id","English (U.S.)","english",1
"888","Z05A03","5",2,-0.646702946990732,"male","hindu","id","Hindi","hindi",1
"889","Z05A4X","5",2,-0.646702946990732,"female","hindu","id","Hindi","hindi",NA
"890","Z05C07","5",2,0.353297053009268,"male","muslim","id","Hindi","hindi",NA
"891","Z07B42","7",3,1.35329705300927,"female","muslim","id","Mandarin","french",0
"892","Z05A08","5",2,-0.646702946990732,"male","hindu","id","Hindi","hindi",1
"893","Z05A33","5",2,-0.846702946990732,"male","muslim","id","Hindi","hindi",1
"894","Z05A53","5",2,0.353297053009268,"female","muslim","id","Hindi","hindi",1
"895","Z05C51","5",2,-0.646702946990732,"female","muslim","id","Hindi","urdu",NA
"896","Z05A57","5",2,-0.646702946990732,"female","hindu","id","Hindi","hindi",1
"897","Z05A07","5",2,0.353297053009268,"male","hindu","id","Hindi","hindi",1
"898","Z05A56","5",2,-0.646702946990732,"female","hindu","id","Hindi","hindi",1
"899","Z05C03","5",2,-0.646702946990732,"male","hindu","id","Hindi","hindi",NA
"900","Z05A60","5",2,-0.646702946990732,"female","hindu","id","Hindi","hindi",1
"901","Z05A03","5",2,-0.646702946990732,"male","hindu","id","Gujarati","marathi",0
"902","Z05A4X","5",2,-0.646702946990732,"female","hindu","id","Gujarati","gujarati",NA
"903","Z05C07","5",2,0.353297053009268,"male","muslim","id","Gujarati","tamil",NA
"904","Z07B42","7",3,1.35329705300927,"female","muslim","id","Tamil","sanskrit",0
"905","Z05A08","5",2,-0.646702946990732,"male","hindu","id","Gujarati","gujarati",1
"906","Z05A33","5",2,-0.846702946990732,"male","muslim","id","Gujarati","gujarati",1
"907","Z05A53","5",2,0.353297053009268,"female","muslim","id","Gujarati","gujarati",1
"908","Z05C51","5",2,-0.646702946990732,"female","muslim","id","Gujarati","gujarati",NA
"909","Z05A57","5",2,-0.646702946990732,"female","hindu","id","Gujarati","gujarati",1
"910","Z05A07","5",2,0.353297053009268,"male","hindu","id","Gujarati","gujarati",1
"911","Z05A56","5",2,-0.646702946990732,"female","hindu","id","Gujarati","gujarati",1
"912","Z05C03","5",2,-0.646702946990732,"male","hindu","id","Gujarati","gujarati",NA
"913","Z05A60","5",2,-0.646702946990732,"female","hindu","id","Gujarati","gujarati",1
"914","Z05A03","5",2,-0.646702946990732,"male","hindu","id","English (India)","english",1
"915","Z05A4X","5",2,-0.646702946990732,"female","hindu","id","English (India)","english",NA
"916","Z05C07","5",2,0.353297053009268,"male","muslim","id","English (India)","tamil",NA
"917","Z07B42","7",3,1.35329705300927,"female","muslim","id","Urdu","hindi",0
"918","Z05A08","5",2,-0.646702946990732,"male","hindu","id","English (India)","spanish",0
"919","Z05A33","5",2,-0.846702946990732,"male","muslim","id","English (India)","french",0
"920","Z05A53","5",2,0.353297053009268,"female","muslim","id","English (India)","french",0
"921","Z05C51","5",2,-0.646702946990732,"female","muslim","id","English (India)","english",NA
"922","Z05A57","5",2,-0.646702946990732,"female","hindu","id","English (India)","french",0
"923","Z05A07","5",2,0.353297053009268,"male","hindu","id","English (India)","spanish",0
"924","Z05A56","5",2,-0.646702946990732,"female","hindu","id","English (India)","english",1
"925","Z05C03","5",2,-0.646702946990732,"male","hindu","id","English (India)","chinese",NA
"926","Z05A60","5",2,-0.646702946990732,"female","hindu","id","English (India)","french",0
"927","Z05A03","5",2,-0.646702946990732,"male","hindu","id","Mandarin","chinese",1
"928","Z05A4X","5",2,-0.646702946990732,"female","hindu","id","Mandarin","chinese",NA
"929","Z05C07","5",2,0.353297053009268,"male","muslim","id","Mandarin","tamil",NA
"930","Z05A08","5",2,-0.646702946990732,"male","hindu","id","Mandarin","chinese",1
"931","Z05A33","5",2,-0.846702946990732,"male","muslim","id","Mandarin","chinese",1
"932","Z05A53","5",2,0.353297053009268,"female","muslim","id","Mandarin","chinese",1
"933","Z05C51","5",2,-0.646702946990732,"female","muslim","id","Mandarin","urdu",NA
"934","Z05A57","5",2,-0.646702946990732,"female","hindu","id","Mandarin","japanese",0
"935","Z05A07","5",2,0.353297053009268,"male","hindu","id","Mandarin","chinese",1
"936","Z05A56","5",2,-0.646702946990732,"female","hindu","id","Mandarin","chinese",1
"937","Z05C03","5",2,-0.646702946990732,"male","hindu","id","Mandarin","tamil",NA
"938","Z05A60","5",2,-0.646702946990732,"female","hindu","id","Mandarin","urdu",0
"939","Z05A03","5",2,-0.646702946990732,"male","hindu","id","Tamil","marathi",0
"940","Z05A4X","5",2,-0.646702946990732,"female","hindu","id","Tamil","tamil",NA
"941","Z05C07","5",2,0.353297053009268,"male","muslim","id","Tamil","urdu",NA
"942","Z05A08","5",2,-0.646702946990732,"male","hindu","id","Tamil","tamil",1
"943","Z05A33","5",2,-0.846702946990732,"male","muslim","id","Tamil","marathi",0
"944","Z05A53","5",2,0.353297053009268,"female","muslim","id","Tamil","marathi",0
"945","Z05C51","5",2,-0.646702946990732,"female","muslim","id","Tamil","marathi",NA
"946","Z05A57","5",2,-0.646702946990732,"female","hindu","id","Tamil","chinese",0
"947","Z05A07","5",2,0.353297053009268,"male","hindu","id","Tamil","sanskrit",0
"948","Z05A56","5",2,-0.646702946990732,"female","hindu","id","Tamil","urdu",0
"949","Z05C03","5",2,-0.646702946990732,"male","hindu","id","Tamil","urdu",NA
"950","Z05A60","5",2,-0.646702946990732,"female","hindu","id","Tamil","chinese",0
"951","Z05A03","5",2,-0.646702946990732,"male","hindu","id","Urdu","hindi",0
"952","Z05A4X","5",2,-0.646702946990732,"female","hindu","id","Urdu","hindi",NA
"953","Z05C07","5",2,0.353297053009268,"male","muslim","id","Urdu","hindi",NA
"954","Z05A08","5",2,-0.646702946990732,"male","hindu","id","Urdu","hindi",0
"955","Z05A33","5",2,-0.846702946990732,"male","muslim","id","Urdu","hindi",0
"956","Z05A53","5",2,0.353297053009268,"female","muslim","id","Urdu","hindi",0
"957","Z05C51","5",2,-0.646702946990732,"female","muslim","id","Urdu","hindi",NA
"958","Z05A57","5",2,-0.646702946990732,"female","hindu","id","Urdu","hindi",0
"959","Z05A07","5",2,0.353297053009268,"male","hindu","id","Urdu","hindi",0
"960","Z05A56","5",2,-0.646702946990732,"female","hindu","id","Urdu","hindi",0
"961","Z05C03","5",2,-0.646702946990732,"male","hindu","id","Urdu","hindi",NA
"962","Z05A60","5",2,-0.646702946990732,"female","hindu","id","Urdu","hindi",0
"963","Z03C51","3",1,-2.64670294699073,"female","muslim","id","Urdu","urdu",1
"964","Z03C62","3",1,-2.14670294699073,"female","muslim","id","Urdu","hindi",1
"965","Z03B58","3",1,-2.51229434484019,"female","muslim","id","Urdu","hindi",0
"966","Z03C06","3",1,-2.64670294699073,"male","muslim","id","Urdu","christian",0
"967","Z03C09","3",1,-2.64670294699073,"male","muslim","id","Urdu","urdu",NA
"968","Z03C16","3",1,-2.34670294699073,"male","hindu","id","Urdu","hindi",0
"969","Z03C18","3",1,-2.04670294699073,"male","hindu","id","Urdu","tamil",0
"970","Z03C60","3",1,-2.34670294699073,"female","muslim","id","Urdu","tamil",0
"971","Z03C20","3",1,-2.24670294699073,"male","muslim","id","Urdu","muslim",0
"972","Z03C51","3",1,-2.64670294699073,"female","muslim","id","Hindi","hindi",1
"973","Z03C62","3",1,-2.14670294699073,"female","muslim","id","Hindi","urdu",0
"974","Z03B58","3",1,-2.51229434484019,"female","muslim","id","Hindi","hindi",1
"975","Z03C06","3",1,-2.64670294699073,"male","muslim","id","Hindi","hindi",1
"976","Z03C09","3",1,-2.64670294699073,"male","muslim","id","Hindi","hindi",NA
"977","Z03C16","3",1,-2.34670294699073,"male","hindu","id","Hindi","hindi",1
"978","Z03C18","3",1,-2.04670294699073,"male","hindu","id","Hindi","hindi",1
"979","Z03C60","3",1,-2.34670294699073,"female","muslim","id","Hindi","hindi",1
"980","Z03C20","3",1,-2.24670294699073,"male","muslim","id","Hindi","muslim",0
"981","Z03C51","3",1,-2.64670294699073,"female","muslim","id","English (India)","marathi",0
"982","Z03C62","3",1,-2.14670294699073,"female","muslim","id","English (India)","chinese",0
"983","Z03B58","3",1,-2.51229434484019,"female","muslim","id","English (India)","english",1
"984","Z03C06","3",1,-2.64670294699073,"male","muslim","id","English (India)","christian",0
"985","Z03C09","3",1,-2.64670294699073,"male","muslim","id","English (India)","chinese",NA
"986","Z03C16","3",1,-2.34670294699073,"male","hindu","id","English (India)","english",1
"987","Z03C18","3",1,-2.04670294699073,"male","hindu","id","English (India)","english",1
"988","Z03C60","3",1,-2.34670294699073,"female","muslim","id","English (India)","urdu",0
"989","Z03C20","3",1,-2.24670294699073,"male","muslim","id","English (India)","english",1
"990","Z03C51","3",1,-2.64670294699073,"female","muslim","id","English (U.S.)","english",1
"991","Z03C62","3",1,-2.14670294699073,"female","muslim","id","English (U.S.)","muslim",0
"992","Z03B58","3",1,-2.51229434484019,"female","muslim","id","English (U.S.)","english",1
"993","Z03C06","3",1,-2.64670294699073,"male","muslim","id","English (U.S.)","tamil",0
"994","Z03C09","3",1,-2.64670294699073,"male","muslim","id","English (U.S.)","english",NA
"995","Z03C16","3",1,-2.34670294699073,"male","hindu","id","English (U.S.)","english",1
"996","Z03C18","3",1,-2.04670294699073,"male","hindu","id","English (U.S.)","english",1
"997","Z03C60","3",1,-2.34670294699073,"female","muslim","id","English (U.S.)","english",1
"998","Z03C20","3",1,-2.24670294699073,"male","muslim","id","English (U.S.)","english",1
"999","Z03C51","3",1,-2.64670294699073,"female","muslim","id","Marathi","tamil",0
"1000","Z03C62","3",1,-2.14670294699073,"female","muslim","id","Marathi","gujarati",0
"1001","Z03B58","3",1,-2.51229434484019,"female","muslim","id","Marathi","chinese",0
"1002","Z03C06","3",1,-2.64670294699073,"male","muslim","id","Marathi","gujarati",0
"1003","Z03C09","3",1,-2.64670294699073,"male","muslim","id","Marathi","tamil",NA
"1004","Z03C16","3",1,-2.34670294699073,"male","hindu","id","Marathi","tamil",0
"1005","Z03C18","3",1,-2.04670294699073,"male","hindu","id","Marathi","tamil",0
"1006","Z03C60","3",1,-2.34670294699073,"female","muslim","id","Marathi","marathi",1
"1007","Z03C20","3",1,-2.24670294699073,"male","muslim","id","Marathi","christian",0
"1008","Z03C51","3",1,-2.64670294699073,"female","muslim","id","Mandarin","chinese",1
"1009","Z03C62","3",1,-2.14670294699073,"female","muslim","id","Mandarin","chinese",1
"1010","Z03B58","3",1,-2.51229434484019,"female","muslim","id","Mandarin","marathi",0
"1011","Z03C06","3",1,-2.64670294699073,"male","muslim","id","Mandarin","marathi",0
"1012","Z03C09","3",1,-2.64670294699073,"male","muslim","id","Mandarin","chinese",NA
"1013","Z03C16","3",1,-2.34670294699073,"male","hindu","id","Mandarin","english",0
"1014","Z03C18","3",1,-2.04670294699073,"male","hindu","id","Mandarin","chinese",0
"1015","Z03C60","3",1,-2.34670294699073,"female","muslim","id","Mandarin","urdu",0
"1016","Z03C20","3",1,-2.24670294699073,"male","muslim","id","Mandarin","christian",0
"1017","Z03C51","3",1,-2.64670294699073,"female","muslim","id","Tamil","tamil",1
"1018","Z03C62","3",1,-2.14670294699073,"female","muslim","id","Tamil","english",0
"1019","Z03B58","3",1,-2.51229434484019,"female","muslim","id","Tamil","bengali",0
"1020","Z03C06","3",1,-2.64670294699073,"male","muslim","id","Tamil","christian",0
"1021","Z03C09","3",1,-2.64670294699073,"male","muslim","id","Tamil","tamil",NA
"1022","Z03C16","3",1,-2.34670294699073,"male","hindu","id","Tamil","tamil",1
"1023","Z03C18","3",1,-2.04670294699073,"male","hindu","id","Tamil","tamil",1
"1024","Z03C60","3",1,-2.34670294699073,"female","muslim","id","Tamil","tamil",1
"1025","Z03C20","3",1,-2.24670294699073,"male","muslim","id","Tamil","christian",0
"1026","Z03C51","3",1,-2.64670294699073,"female","muslim","id","Gujarati","gujarati",1
"1027","Z03C62","3",1,-2.14670294699073,"female","muslim","id","Gujarati","gujarati",1
"1028","Z03B58","3",1,-2.51229434484019,"female","muslim","id","Gujarati","gujarati",1
"1029","Z03C06","3",1,-2.64670294699073,"male","muslim","id","Gujarati","gujarati",1
"1030","Z03C09","3",1,-2.64670294699073,"male","muslim","id","Gujarati","tamil",NA
"1031","Z03C16","3",1,-2.34670294699073,"male","hindu","id","Gujarati","tamil",0
"1032","Z03C18","3",1,-2.04670294699073,"male","hindu","id","Gujarati","hindi",0
"1033","Z03C60","3",1,-2.34670294699073,"female","muslim","id","Gujarati","urdu",0
"1034","Z03C20","3",1,-2.24670294699073,"male","muslim","id","Gujarati","muslim",0
