"","study_name","school","id","standard","standard_num","child_age","child_age_centered","child_sex","child_religion","question_type","response","response_coded"
"1","india-socioling","zenith","Z03A06",3,3,8.18548387096774,-2.41973410019171,"male","muslim","ancestors",5,5
"2","india-socioling","zenith","Z03A06",3,3,8.18548387096774,-2.41973410019171,"male","muslim","indian",4,4
"3","india-socioling","zenith","Z03A09",3,3,8.45698924731183,-2.14822872384762,"male","muslim","ancestors",5,5
"4","india-socioling","zenith","Z03A09",3,3,8.45698924731183,-2.14822872384762,"male","muslim","indian",4,4
"5","india-socioling","zenith","Z03A16",3,3,7.69623655913978,-2.90898141201968,"male","muslim","ancestors",3,3
"6","india-socioling","zenith","Z03A16",3,3,7.69623655913978,-2.90898141201968,"male","muslim","indian",5,5
"7","india-socioling","zenith","Z03A51",3,3,7.91129032258065,-2.6939276485788,"female","hindu","ancestors",5,5
"8","india-socioling","zenith","Z03A51",3,3,7.91129032258065,-2.6939276485788,"female","hindu","indian",4,4
"9","india-socioling","zenith","Z03A59",3,3,8.25537634408602,-2.34984162707343,"female","hindu","ancestors",5,5
"10","india-socioling","zenith","Z03A59",3,3,8.25537634408602,-2.34984162707343,"female","hindu","indian",3,3
"11","india-socioling","zenith","Z03A60",3,3,8.20698924731183,-2.39822872384762,"female","other","ancestors",3,3
"12","india-socioling","zenith","Z03A60",3,3,8.20698924731183,-2.39822872384762,"female","other","indian",4,4
"13","india-socioling","zenith","Z03B58",3,3,8.13440860215054,-2.47080936900892,"female","muslim","ancestors",4,4
"14","india-socioling","zenith","Z03B58",3,3,8.13440860215054,-2.47080936900892,"female","muslim","indian",5,5
"15","india-socioling","zenith","Z03B58",3,3,8.13440860215054,-2.47080936900892,"female","muslim","french",2,4
"16","india-socioling","zenith","Z03B58",3,3,8.13440860215054,-2.47080936900892,"female","muslim","tell_a_lot",4,4
"17","india-socioling","zenith","Z03B58",3,3,8.13440860215054,-2.47080936900892,"female","muslim","tell_where_from",3,3
"18","india-socioling","zenith","Z03B58",3,3,8.13440860215054,-2.47080936900892,"female","muslim","tell_education",1,1
"19","india-socioling","zenith","Z03C01",3,3,8.36827956989247,-2.23693840126698,"male","muslim","ancestors",3,3
"20","india-socioling","zenith","Z03C01",3,3,8.36827956989247,-2.23693840126698,"male","muslim","indian",1,1
"21","india-socioling","zenith","Z03C01",3,3,8.36827956989247,-2.23693840126698,"male","muslim","french",2,4
"22","india-socioling","zenith","Z03C01",3,3,8.36827956989247,-2.23693840126698,"male","muslim","tell_a_lot",4,4
"23","india-socioling","zenith","Z03C01",3,3,8.36827956989247,-2.23693840126698,"male","muslim","tell_where_from",5,5
"24","india-socioling","zenith","Z03C01",3,3,8.36827956989247,-2.23693840126698,"male","muslim","tell_education",5,5
"25","india-socioling","zenith","Z03C02",3,3,7.75806451612903,-2.84715345503042,"male","muslim","ancestors",5,5
"26","india-socioling","zenith","Z03C02",3,3,7.75806451612903,-2.84715345503042,"male","muslim","indian",1,1
"27","india-socioling","zenith","Z03C02",3,3,7.75806451612903,-2.84715345503042,"male","muslim","french",4,2
"28","india-socioling","zenith","Z03C02",3,3,7.75806451612903,-2.84715345503042,"male","muslim","tell_a_lot",2,2
"29","india-socioling","zenith","Z03C02",3,3,7.75806451612903,-2.84715345503042,"male","muslim","tell_where_from",4,4
"30","india-socioling","zenith","Z03C02",3,3,7.75806451612903,-2.84715345503042,"male","muslim","tell_education",1,1
"31","india-socioling","zenith","Z03C04",3,3,9,-1.60521797115945,"male","muslim","ancestors",3,3
"32","india-socioling","zenith","Z03C04",3,3,9,-1.60521797115945,"male","muslim","indian",2,2
"33","india-socioling","zenith","Z03C04",3,3,9,-1.60521797115945,"male","muslim","french",2,4
"34","india-socioling","zenith","Z03C04",3,3,9,-1.60521797115945,"male","muslim","tell_a_lot",2,2
"35","india-socioling","zenith","Z03C04",3,3,9,-1.60521797115945,"male","muslim","tell_where_from",4,4
"36","india-socioling","zenith","Z03C04",3,3,9,-1.60521797115945,"male","muslim","tell_education",4,4
"37","india-socioling","zenith","Z03C06",3,3,8,-2.60521797115945,"male","muslim","ancestors",4,4
"38","india-socioling","zenith","Z03C06",3,3,8,-2.60521797115945,"male","muslim","indian",5,5
"39","india-socioling","zenith","Z03C06",3,3,8,-2.60521797115945,"male","muslim","french",2,4
"40","india-socioling","zenith","Z03C06",3,3,8,-2.60521797115945,"male","muslim","tell_a_lot",5,5
"41","india-socioling","zenith","Z03C06",3,3,8,-2.60521797115945,"male","muslim","tell_where_from",4,4
"42","india-socioling","zenith","Z03C06",3,3,8,-2.60521797115945,"male","muslim","tell_education",5,5
"43","india-socioling","zenith","Z03C07",3,3,8.6,-2.00521797115946,"male","hindu","ancestors",4,4
"44","india-socioling","zenith","Z03C07",3,3,8.6,-2.00521797115946,"male","hindu","indian",3,3
"45","india-socioling","zenith","Z03C07",3,3,8.6,-2.00521797115946,"male","hindu","french",3,3
"46","india-socioling","zenith","Z03C07",3,3,8.6,-2.00521797115946,"male","hindu","tell_a_lot",2,2
"47","india-socioling","zenith","Z03C07",3,3,8.6,-2.00521797115946,"male","hindu","tell_where_from",2,2
"48","india-socioling","zenith","Z03C07",3,3,8.6,-2.00521797115946,"male","hindu","tell_education",4,4
"49","india-socioling","zenith","Z03C09",3,3,8,-2.60521797115945,"male","muslim","ancestors",3,3
"50","india-socioling","zenith","Z03C09",3,3,8,-2.60521797115945,"male","muslim","indian",4,4
"51","india-socioling","zenith","Z03C09",3,3,8,-2.60521797115945,"male","muslim","french",1,5
"52","india-socioling","zenith","Z03C09",3,3,8,-2.60521797115945,"male","muslim","tell_a_lot",4,4
"53","india-socioling","zenith","Z03C09",3,3,8,-2.60521797115945,"male","muslim","tell_where_from",5,5
"54","india-socioling","zenith","Z03C09",3,3,8,-2.60521797115945,"male","muslim","tell_education",1,1
"55","india-socioling","zenith","Z03C10",3,3,8.4,-2.20521797115945,"male","hindu","ancestors",1,1
"56","india-socioling","zenith","Z03C10",3,3,8.4,-2.20521797115945,"male","hindu","indian",5,5
"57","india-socioling","zenith","Z03C10",3,3,8.4,-2.20521797115945,"male","hindu","french",3,3
"58","india-socioling","zenith","Z03C10",3,3,8.4,-2.20521797115945,"male","hindu","tell_a_lot",3,3
"59","india-socioling","zenith","Z03C10",3,3,8.4,-2.20521797115945,"male","hindu","tell_where_from",1,1
"60","india-socioling","zenith","Z03C10",3,3,8.4,-2.20521797115945,"male","hindu","tell_education",5,5
"61","india-socioling","zenith","Z03C14",3,3,8.1,-2.50521797115946,"male","hindu","ancestors",5,5
"62","india-socioling","zenith","Z03C14",3,3,8.1,-2.50521797115946,"male","hindu","indian",5,5
"63","india-socioling","zenith","Z03C14",3,3,8.1,-2.50521797115946,"male","hindu","french",5,1
"64","india-socioling","zenith","Z03C14",3,3,8.1,-2.50521797115946,"male","hindu","tell_a_lot",5,5
"65","india-socioling","zenith","Z03C14",3,3,8.1,-2.50521797115946,"male","hindu","tell_where_from",2,2
"66","india-socioling","zenith","Z03C14",3,3,8.1,-2.50521797115946,"male","hindu","tell_education",1,1
"67","india-socioling","zenith","Z03C16",3,3,8.3,-2.30521797115945,"male","hindu","ancestors",5,5
"68","india-socioling","zenith","Z03C16",3,3,8.3,-2.30521797115945,"male","hindu","indian",5,5
"69","india-socioling","zenith","Z03C16",3,3,8.3,-2.30521797115945,"male","hindu","french",2,4
"70","india-socioling","zenith","Z03C16",3,3,8.3,-2.30521797115945,"male","hindu","tell_a_lot",4,4
"71","india-socioling","zenith","Z03C16",3,3,8.3,-2.30521797115945,"male","hindu","tell_where_from",3,3
"72","india-socioling","zenith","Z03C16",3,3,8.3,-2.30521797115945,"male","hindu","tell_education",4,4
"73","india-socioling","zenith","Z03C18",3,3,8.6,-2.00521797115946,"male","hindu","ancestors",3,3
"74","india-socioling","zenith","Z03C18",3,3,8.6,-2.00521797115946,"male","hindu","indian",5,5
"75","india-socioling","zenith","Z03C18",3,3,8.6,-2.00521797115946,"male","hindu","french",1,5
"76","india-socioling","zenith","Z03C18",3,3,8.6,-2.00521797115946,"male","hindu","tell_a_lot",3,3
"77","india-socioling","zenith","Z03C18",3,3,8.6,-2.00521797115946,"male","hindu","tell_where_from",5,5
"78","india-socioling","zenith","Z03C18",3,3,8.6,-2.00521797115946,"male","hindu","tell_education",1,1
"79","india-socioling","zenith","Z03C20",3,3,8.4,-2.20521797115945,"male","muslim","ancestors",3,3
"80","india-socioling","zenith","Z03C20",3,3,8.4,-2.20521797115945,"male","muslim","indian",5,5
"81","india-socioling","zenith","Z03C20",3,3,8.4,-2.20521797115945,"male","muslim","french",1,5
"82","india-socioling","zenith","Z03C20",3,3,8.4,-2.20521797115945,"male","muslim","tell_a_lot",1,1
"83","india-socioling","zenith","Z03C20",3,3,8.4,-2.20521797115945,"male","muslim","tell_where_from",5,5
"84","india-socioling","zenith","Z03C20",3,3,8.4,-2.20521797115945,"male","muslim","tell_education",1,1
"85","india-socioling","zenith","Z03C43",3,3,8,-2.60521797115945,"female","muslim","ancestors",3,3
"86","india-socioling","zenith","Z03C43",3,3,8,-2.60521797115945,"female","muslim","indian",3,3
"87","india-socioling","zenith","Z03C43",3,3,8,-2.60521797115945,"female","muslim","french",5,1
"88","india-socioling","zenith","Z03C43",3,3,8,-2.60521797115945,"female","muslim","tell_a_lot",1,1
"89","india-socioling","zenith","Z03C43",3,3,8,-2.60521797115945,"female","muslim","tell_where_from",5,5
"90","india-socioling","zenith","Z03C43",3,3,8,-2.60521797115945,"female","muslim","tell_education",1,1
"91","india-socioling","zenith","Z03C44",3,3,8.7,-1.90521797115946,"female","hindu","ancestors",3,3
"92","india-socioling","zenith","Z03C44",3,3,8.7,-1.90521797115946,"female","hindu","indian",2,2
"93","india-socioling","zenith","Z03C44",3,3,8.7,-1.90521797115946,"female","hindu","french",1,5
"94","india-socioling","zenith","Z03C44",3,3,8.7,-1.90521797115946,"female","hindu","tell_a_lot",1,1
"95","india-socioling","zenith","Z03C44",3,3,8.7,-1.90521797115946,"female","hindu","tell_where_from",4,4
"96","india-socioling","zenith","Z03C44",3,3,8.7,-1.90521797115946,"female","hindu","tell_education",4,4
"97","india-socioling","zenith","Z03C46",3,3,7.8,-2.80521797115945,"female","muslim","ancestors",2,2
"98","india-socioling","zenith","Z03C46",3,3,7.8,-2.80521797115945,"female","muslim","indian",3,3
"99","india-socioling","zenith","Z03C46",3,3,7.8,-2.80521797115945,"female","muslim","french",4,2
"100","india-socioling","zenith","Z03C46",3,3,7.8,-2.80521797115945,"female","muslim","tell_a_lot",1,1
"101","india-socioling","zenith","Z03C46",3,3,7.8,-2.80521797115945,"female","muslim","tell_where_from",4,4
"102","india-socioling","zenith","Z03C46",3,3,7.8,-2.80521797115945,"female","muslim","tell_education",5,5
"103","india-socioling","zenith","Z03C47",3,3,8.3,-2.30521797115945,"female","hindu","ancestors",3,3
"104","india-socioling","zenith","Z03C47",3,3,8.3,-2.30521797115945,"female","hindu","indian",4,4
"105","india-socioling","zenith","Z03C47",3,3,8.3,-2.30521797115945,"female","hindu","french",2,4
"106","india-socioling","zenith","Z03C47",3,3,8.3,-2.30521797115945,"female","hindu","tell_a_lot",4,4
"107","india-socioling","zenith","Z03C47",3,3,8.3,-2.30521797115945,"female","hindu","tell_where_from",4,4
"108","india-socioling","zenith","Z03C47",3,3,8.3,-2.30521797115945,"female","hindu","tell_education",5,5
"109","india-socioling","zenith","Z03C48",3,3,7.9,-2.70521797115945,"female","hindu","ancestors",3,3
"110","india-socioling","zenith","Z03C48",3,3,7.9,-2.70521797115945,"female","hindu","indian",1,1
"111","india-socioling","zenith","Z03C48",3,3,7.9,-2.70521797115945,"female","hindu","french",5,1
"112","india-socioling","zenith","Z03C48",3,3,7.9,-2.70521797115945,"female","hindu","tell_a_lot",3,3
"113","india-socioling","zenith","Z03C48",3,3,7.9,-2.70521797115945,"female","hindu","tell_where_from",2,2
"114","india-socioling","zenith","Z03C48",3,3,7.9,-2.70521797115945,"female","hindu","tell_education",2,2
"115","india-socioling","zenith","Z03C49",3,3,8,-2.60521797115945,"female","muslim","ancestors",4,4
"116","india-socioling","zenith","Z03C49",3,3,8,-2.60521797115945,"female","muslim","indian",2,2
"117","india-socioling","zenith","Z03C49",3,3,8,-2.60521797115945,"female","muslim","french",1,5
"118","india-socioling","zenith","Z03C49",3,3,8,-2.60521797115945,"female","muslim","tell_a_lot",5,5
"119","india-socioling","zenith","Z03C49",3,3,8,-2.60521797115945,"female","muslim","tell_where_from",2,2
"120","india-socioling","zenith","Z03C49",3,3,8,-2.60521797115945,"female","muslim","tell_education",4,4
"121","india-socioling","zenith","Z03C51",3,3,8,-2.60521797115945,"female","muslim","ancestors",5,5
"122","india-socioling","zenith","Z03C51",3,3,8,-2.60521797115945,"female","muslim","indian",5,5
"123","india-socioling","zenith","Z03C51",3,3,8,-2.60521797115945,"female","muslim","french",5,1
"124","india-socioling","zenith","Z03C51",3,3,8,-2.60521797115945,"female","muslim","tell_a_lot",3,3
"125","india-socioling","zenith","Z03C51",3,3,8,-2.60521797115945,"female","muslim","tell_where_from",2,2
"126","india-socioling","zenith","Z03C51",3,3,8,-2.60521797115945,"female","muslim","tell_education",1,1
"127","india-socioling","zenith","Z03C60",3,3,8.3,-2.30521797115945,"female","muslim","ancestors",3,3
"128","india-socioling","zenith","Z03C60",3,3,8.3,-2.30521797115945,"female","muslim","indian",5,5
"129","india-socioling","zenith","Z03C60",3,3,8.3,-2.30521797115945,"female","muslim","french",5,1
"130","india-socioling","zenith","Z03C60",3,3,8.3,-2.30521797115945,"female","muslim","tell_a_lot",1,1
"131","india-socioling","zenith","Z03C60",3,3,8.3,-2.30521797115945,"female","muslim","tell_where_from",1,1
"132","india-socioling","zenith","Z03C60",3,3,8.3,-2.30521797115945,"female","muslim","tell_education",5,5
"133","india-socioling","zenith","Z03C62",3,3,8.5,-2.10521797115945,"female","muslim","ancestors",2,2
"134","india-socioling","zenith","Z03C62",3,3,8.5,-2.10521797115945,"female","muslim","indian",5,5
"135","india-socioling","zenith","Z03C62",3,3,8.5,-2.10521797115945,"female","muslim","french",2,4
"136","india-socioling","zenith","Z03C62",3,3,8.5,-2.10521797115945,"female","muslim","tell_a_lot",3,3
"137","india-socioling","zenith","Z03C62",3,3,8.5,-2.10521797115945,"female","muslim","tell_where_from",5,5
"138","india-socioling","zenith","Z03C62",3,3,8.5,-2.10521797115945,"female","muslim","tell_education",4,4
"139","india-socioling","zenith","Z05A03",5,5,10,-0.605217971159455,"male","hindu","ancestors",4,4
"140","india-socioling","zenith","Z05A03",5,5,10,-0.605217971159455,"male","hindu","indian",3,3
"141","india-socioling","zenith","Z05A03",5,5,10,-0.605217971159455,"male","hindu","french",4,2
"142","india-socioling","zenith","Z05A03",5,5,10,-0.605217971159455,"male","hindu","tell_a_lot",4,4
"143","india-socioling","zenith","Z05A03",5,5,10,-0.605217971159455,"male","hindu","tell_where_from",5,5
"144","india-socioling","zenith","Z05A03",5,5,10,-0.605217971159455,"male","hindu","tell_education",5,5
"145","india-socioling","zenith","Z05A04",5,5,10,-0.605217971159455,"male","hindu","ancestors",4,4
"146","india-socioling","zenith","Z05A04",5,5,10,-0.605217971159455,"male","hindu","indian",5,5
"147","india-socioling","zenith","Z05A04",5,5,10,-0.605217971159455,"male","hindu","french",3,3
"148","india-socioling","zenith","Z05A05",5,5,10,-0.605217971159455,"male","hindu","ancestors",1,1
"149","india-socioling","zenith","Z05A05",5,5,10,-0.605217971159455,"male","hindu","indian",5,5
"150","india-socioling","zenith","Z05A05",5,5,10,-0.605217971159455,"male","hindu","french",1,5
"151","india-socioling","zenith","Z05A07",5,5,11,0.394782028840545,"male","hindu","ancestors",4,4
"152","india-socioling","zenith","Z05A07",5,5,11,0.394782028840545,"male","hindu","indian",5,5
"153","india-socioling","zenith","Z05A07",5,5,11,0.394782028840545,"male","hindu","french",3,3
"154","india-socioling","zenith","Z05A07",5,5,11,0.394782028840545,"male","hindu","tell_a_lot",2,2
"155","india-socioling","zenith","Z05A07",5,5,11,0.394782028840545,"male","hindu","tell_where_from",4,4
"156","india-socioling","zenith","Z05A07",5,5,11,0.394782028840545,"male","hindu","tell_education",5,5
"157","india-socioling","zenith","Z05A08",5,5,10,-0.605217971159455,"male","hindu","ancestors",5,5
"158","india-socioling","zenith","Z05A08",5,5,10,-0.605217971159455,"male","hindu","indian",4,4
"159","india-socioling","zenith","Z05A08",5,5,10,-0.605217971159455,"male","hindu","french",5,1
"160","india-socioling","zenith","Z05A08",5,5,10,-0.605217971159455,"male","hindu","tell_a_lot",4,4
"161","india-socioling","zenith","Z05A08",5,5,10,-0.605217971159455,"male","hindu","tell_where_from",5,5
"162","india-socioling","zenith","Z05A08",5,5,10,-0.605217971159455,"male","hindu","tell_education",5,5
"163","india-socioling","zenith","Z05A09",5,5,11,0.394782028840545,"male","muslim","ancestors",3,3
"164","india-socioling","zenith","Z05A09",5,5,11,0.394782028840545,"male","muslim","indian",3,3
"165","india-socioling","zenith","Z05A09",5,5,11,0.394782028840545,"male","muslim","french",5,1
"166","india-socioling","zenith","Z05A10",5,5,10,-0.605217971159455,"male","muslim","ancestors",3,3
"167","india-socioling","zenith","Z05A10",5,5,10,-0.605217971159455,"male","muslim","indian",2,2
"168","india-socioling","zenith","Z05A10",5,5,10,-0.605217971159455,"male","muslim","french",3,3
"169","india-socioling","zenith","Z05A13",5,5,11,0.394782028840545,"male","hindu","ancestors",4,4
"170","india-socioling","zenith","Z05A13",5,5,11,0.394782028840545,"male","hindu","indian",5,5
"171","india-socioling","zenith","Z05A13",5,5,11,0.394782028840545,"male","hindu","french",3,3
"172","india-socioling","zenith","Z05A19",5,5,11,0.394782028840545,"male","muslim","ancestors",5,5
"173","india-socioling","zenith","Z05A19",5,5,11,0.394782028840545,"male","muslim","indian",5,5
"174","india-socioling","zenith","Z05A19",5,5,11,0.394782028840545,"male","muslim","french",5,1
"175","india-socioling","zenith","Z05A33",5,5,9.8,-0.805217971159454,"male","muslim","ancestors",3,3
"176","india-socioling","zenith","Z05A33",5,5,9.8,-0.805217971159454,"male","muslim","indian",5,5
"177","india-socioling","zenith","Z05A33",5,5,9.8,-0.805217971159454,"male","muslim","french",3,3
"178","india-socioling","zenith","Z05A33",5,5,9.8,-0.805217971159454,"male","muslim","tell_a_lot",5,5
"179","india-socioling","zenith","Z05A33",5,5,9.8,-0.805217971159454,"male","muslim","tell_where_from",5,5
"180","india-socioling","zenith","Z05A33",5,5,9.8,-0.805217971159454,"male","muslim","tell_education",1,1
"181","india-socioling","zenith","Z05A42",5,5,10,-0.605217971159455,"female","other","ancestors",1,1
"182","india-socioling","zenith","Z05A42",5,5,10,-0.605217971159455,"female","other","indian",5,5
"183","india-socioling","zenith","Z05A42",5,5,10,-0.605217971159455,"female","other","french",3,3
"184","india-socioling","zenith","Z05A43",5,5,10,-0.605217971159455,"female","hindu","ancestors",5,5
"185","india-socioling","zenith","Z05A43",5,5,10,-0.605217971159455,"female","hindu","indian",5,5
"186","india-socioling","zenith","Z05A43",5,5,10,-0.605217971159455,"female","hindu","french",3,3
"187","india-socioling","zenith","Z05A4X",5,5,10,-0.605217971159455,"female","hindu","ancestors",3,3
"188","india-socioling","zenith","Z05A4X",5,5,10,-0.605217971159455,"female","hindu","indian",3,3
"189","india-socioling","zenith","Z05A4X",5,5,10,-0.605217971159455,"female","hindu","french",2,4
"190","india-socioling","zenith","Z05A4X",5,5,10,-0.605217971159455,"female","hindu","tell_a_lot",1,1
"191","india-socioling","zenith","Z05A4X",5,5,10,-0.605217971159455,"female","hindu","tell_where_from",3,3
"192","india-socioling","zenith","Z05A4X",5,5,10,-0.605217971159455,"female","hindu","tell_education",3,3
"193","india-socioling","zenith","Z05A47",5,5,10,-0.605217971159455,"female","hindu","ancestors",3,3
"194","india-socioling","zenith","Z05A47",5,5,10,-0.605217971159455,"female","hindu","indian",5,5
"195","india-socioling","zenith","Z05A47",5,5,10,-0.605217971159455,"female","hindu","french",1,5
"196","india-socioling","zenith","Z05A48",5,5,11,0.394782028840545,"female","muslim","ancestors",3,3
"197","india-socioling","zenith","Z05A48",5,5,11,0.394782028840545,"female","muslim","indian",5,5
"198","india-socioling","zenith","Z05A48",5,5,11,0.394782028840545,"female","muslim","french",3,3
"199","india-socioling","zenith","Z05A49",5,5,9.9,-0.705217971159454,"female","hindu","ancestors",4,4
"200","india-socioling","zenith","Z05A49",5,5,9.9,-0.705217971159454,"female","hindu","indian",2,2
"201","india-socioling","zenith","Z05A49",5,5,9.9,-0.705217971159454,"female","hindu","french",3,3
"202","india-socioling","zenith","Z05A51",5,5,11,0.394782028840545,"female","hindu","ancestors",5,5
"203","india-socioling","zenith","Z05A51",5,5,11,0.394782028840545,"female","hindu","indian",4,4
"204","india-socioling","zenith","Z05A52",5,5,10,-0.605217971159455,"female","hindu","ancestors",4,4
"205","india-socioling","zenith","Z05A52",5,5,10,-0.605217971159455,"female","hindu","indian",5,5
"206","india-socioling","zenith","Z05A52",5,5,10,-0.605217971159455,"female","hindu","french",3,3
"207","india-socioling","zenith","Z05A53",5,5,11,0.394782028840545,"female","muslim","ancestors",1,1
"208","india-socioling","zenith","Z05A53",5,5,11,0.394782028840545,"female","muslim","indian",5,5
"209","india-socioling","zenith","Z05A53",5,5,11,0.394782028840545,"female","muslim","french",3,3
"210","india-socioling","zenith","Z05A53",5,5,11,0.394782028840545,"female","muslim","tell_a_lot",5,5
"211","india-socioling","zenith","Z05A53",5,5,11,0.394782028840545,"female","muslim","tell_where_from",3,3
"212","india-socioling","zenith","Z05A53",5,5,11,0.394782028840545,"female","muslim","tell_education",2,2
"213","india-socioling","zenith","Z05A56",5,5,10,-0.605217971159455,"female","hindu","ancestors",2,2
"214","india-socioling","zenith","Z05A56",5,5,10,-0.605217971159455,"female","hindu","indian",5,5
"215","india-socioling","zenith","Z05A56",5,5,10,-0.605217971159455,"female","hindu","french",5,1
"216","india-socioling","zenith","Z05A56",5,5,10,-0.605217971159455,"female","hindu","tell_a_lot",5,5
"217","india-socioling","zenith","Z05A56",5,5,10,-0.605217971159455,"female","hindu","tell_where_from",3,3
"218","india-socioling","zenith","Z05A56",5,5,10,-0.605217971159455,"female","hindu","tell_education",2,2
"219","india-socioling","zenith","Z05A57",5,5,10,-0.605217971159455,"female","hindu","ancestors",4,4
"220","india-socioling","zenith","Z05A57",5,5,10,-0.605217971159455,"female","hindu","indian",5,5
"221","india-socioling","zenith","Z05A57",5,5,10,-0.605217971159455,"female","hindu","french",3,3
"222","india-socioling","zenith","Z05A57",5,5,10,-0.605217971159455,"female","hindu","tell_a_lot",4,4
"223","india-socioling","zenith","Z05A57",5,5,10,-0.605217971159455,"female","hindu","tell_where_from",2,2
"224","india-socioling","zenith","Z05A57",5,5,10,-0.605217971159455,"female","hindu","tell_education",4,4
"225","india-socioling","zenith","Z05A60",5,5,10,-0.605217971159455,"female","hindu","ancestors",4,4
"226","india-socioling","zenith","Z05A60",5,5,10,-0.605217971159455,"female","hindu","indian",3,3
"227","india-socioling","zenith","Z05A60",5,5,10,-0.605217971159455,"female","hindu","french",4,2
"228","india-socioling","zenith","Z05A60",5,5,10,-0.605217971159455,"female","hindu","tell_a_lot",4,4
"229","india-socioling","zenith","Z05A60",5,5,10,-0.605217971159455,"female","hindu","tell_where_from",4,4
"230","india-socioling","zenith","Z05A60",5,5,10,-0.605217971159455,"female","hindu","tell_education",3,3
"231","india-socioling","zenith","Z05B03",5,5,10,-0.605217971159455,"male","hindu","ancestors",3,3
"232","india-socioling","zenith","Z05B03",5,5,10,-0.605217971159455,"male","hindu","indian",4,4
"233","india-socioling","zenith","Z05B04",5,5,10,-0.605217971159455,"male","hindu","ancestors",5,5
"234","india-socioling","zenith","Z05B04",5,5,10,-0.605217971159455,"male","hindu","indian",4,4
"235","india-socioling","zenith","Z05B05",5,5,10,-0.605217971159455,"male","muslim","ancestors",1,1
"236","india-socioling","zenith","Z05B05",5,5,10,-0.605217971159455,"male","muslim","indian",1,1
"237","india-socioling","zenith","Z05B05",5,5,10,-0.605217971159455,"male","muslim","french",3,3
"238","india-socioling","zenith","Z05B05",5,5,10,-0.605217971159455,"male","muslim","tell_a_lot",5,5
"239","india-socioling","zenith","Z05B05",5,5,10,-0.605217971159455,"male","muslim","tell_where_from",3,3
"240","india-socioling","zenith","Z05B05",5,5,10,-0.605217971159455,"male","muslim","tell_education",5,5
"241","india-socioling","zenith","Z05B11",5,5,11,0.394782028840545,"male","hindu","ancestors",5,5
"242","india-socioling","zenith","Z05B11",5,5,11,0.394782028840545,"male","hindu","indian",5,5
"243","india-socioling","zenith","Z05B11",5,5,11,0.394782028840545,"male","hindu","french",5,1
"244","india-socioling","zenith","Z05B11",5,5,11,0.394782028840545,"male","hindu","tell_a_lot",1,1
"245","india-socioling","zenith","Z05B11",5,5,11,0.394782028840545,"male","hindu","tell_where_from",5,5
"246","india-socioling","zenith","Z05B11",5,5,11,0.394782028840545,"male","hindu","tell_education",1,1
"247","india-socioling","zenith","Z05B12",5,5,11,0.394782028840545,"male","muslim","ancestors",3,3
"248","india-socioling","zenith","Z05B12",5,5,11,0.394782028840545,"male","muslim","indian",4,4
"249","india-socioling","zenith","Z05B12",5,5,11,0.394782028840545,"male","muslim","french",1,5
"250","india-socioling","zenith","Z05B12",5,5,11,0.394782028840545,"male","muslim","tell_a_lot",3,3
"251","india-socioling","zenith","Z05B12",5,5,11,0.394782028840545,"male","muslim","tell_where_from",3,3
"252","india-socioling","zenith","Z05B12",5,5,11,0.394782028840545,"male","muslim","tell_education",1,1
"253","india-socioling","zenith","Z05B16",5,5,11,0.394782028840545,"male","muslim","ancestors",4,4
"254","india-socioling","zenith","Z05B16",5,5,11,0.394782028840545,"male","muslim","indian",5,5
"255","india-socioling","zenith","Z05B17",5,5,10,-0.605217971159455,"male","hindu","ancestors",3,3
"256","india-socioling","zenith","Z05B17",5,5,10,-0.605217971159455,"male","hindu","indian",4,4
"257","india-socioling","zenith","Z05B17",5,5,10,-0.605217971159455,"male","hindu","french",4,2
"258","india-socioling","zenith","Z05B17",5,5,10,-0.605217971159455,"male","hindu","tell_a_lot",3,3
"259","india-socioling","zenith","Z05B17",5,5,10,-0.605217971159455,"male","hindu","tell_where_from",4,4
"260","india-socioling","zenith","Z05B17",5,5,10,-0.605217971159455,"male","hindu","tell_education",5,5
"261","india-socioling","zenith","Z05B19",5,5,11,0.394782028840545,"male","hindu","ancestors",2,2
"262","india-socioling","zenith","Z05B19",5,5,11,0.394782028840545,"male","hindu","indian",5,5
"263","india-socioling","zenith","Z05B19",5,5,11,0.394782028840545,"male","hindu","french",4,2
"264","india-socioling","zenith","Z05B19",5,5,11,0.394782028840545,"male","hindu","tell_a_lot",3,3
"265","india-socioling","zenith","Z05B19",5,5,11,0.394782028840545,"male","hindu","tell_where_from",5,5
"266","india-socioling","zenith","Z05B19",5,5,11,0.394782028840545,"male","hindu","tell_education",1,1
"267","india-socioling","zenith","Z05B20",5,5,10,-0.605217971159455,"male","muslim","ancestors",4,4
"268","india-socioling","zenith","Z05B20",5,5,10,-0.605217971159455,"male","muslim","indian",3,3
"269","india-socioling","zenith","Z05B20",5,5,10,-0.605217971159455,"male","muslim","french",1,5
"270","india-socioling","zenith","Z05B20",5,5,10,-0.605217971159455,"male","muslim","tell_a_lot",5,5
"271","india-socioling","zenith","Z05B20",5,5,10,-0.605217971159455,"male","muslim","tell_where_from",3,3
"272","india-socioling","zenith","Z05B20",5,5,10,-0.605217971159455,"male","muslim","tell_education",2,2
"273","india-socioling","zenith","Z05B32",5,5,11,0.394782028840545,"male","muslim","french",1,5
"274","india-socioling","zenith","Z05B32",5,5,11,0.394782028840545,"male","muslim","tell_a_lot",1,1
"275","india-socioling","zenith","Z05B32",5,5,11,0.394782028840545,"male","muslim","tell_where_from",1,1
"276","india-socioling","zenith","Z05B32",5,5,11,0.394782028840545,"male","muslim","tell_education",3,3
"277","india-socioling","zenith","Z05B44",5,5,11,0.394782028840545,"female","muslim","ancestors",1,1
"278","india-socioling","zenith","Z05B44",5,5,11,0.394782028840545,"female","muslim","indian",4,4
"279","india-socioling","zenith","Z05B47",5,5,10,-0.605217971159455,"female","hindu","ancestors",3,3
"280","india-socioling","zenith","Z05B47",5,5,10,-0.605217971159455,"female","hindu","indian",4,4
"281","india-socioling","zenith","Z05B48",5,5,10,-0.605217971159455,"female","hindu","ancestors",3,3
"282","india-socioling","zenith","Z05B48",5,5,10,-0.605217971159455,"female","hindu","indian",2,2
"283","india-socioling","zenith","Z05B49",5,5,10,-0.605217971159455,"female","hindu","french",4,2
"284","india-socioling","zenith","Z05B49",5,5,10,-0.605217971159455,"female","hindu","tell_a_lot",3,3
"285","india-socioling","zenith","Z05B49",5,5,10,-0.605217971159455,"female","hindu","tell_where_from",4,4
"286","india-socioling","zenith","Z05B49",5,5,10,-0.605217971159455,"female","hindu","tell_education",2,2
"287","india-socioling","zenith","Z05B50",5,5,9.8,-0.805217971159454,"female","muslim","ancestors",4,4
"288","india-socioling","zenith","Z05B50",5,5,9.8,-0.805217971159454,"female","muslim","indian",3,3
"289","india-socioling","zenith","Z05B55",5,5,10,-0.605217971159455,"female","muslim","ancestors",2,2
"290","india-socioling","zenith","Z05B55",5,5,10,-0.605217971159455,"female","muslim","indian",4,4
"291","india-socioling","zenith","Z05B55",5,5,10,-0.605217971159455,"female","muslim","french",2,4
"292","india-socioling","zenith","Z05B55",5,5,10,-0.605217971159455,"female","muslim","tell_a_lot",4,4
"293","india-socioling","zenith","Z05B55",5,5,10,-0.605217971159455,"female","muslim","tell_where_from",4,4
"294","india-socioling","zenith","Z05B55",5,5,10,-0.605217971159455,"female","muslim","tell_education",4,4
"295","india-socioling","zenith","Z05B56",5,5,11,0.394782028840545,"female","muslim","ancestors",4,4
"296","india-socioling","zenith","Z05B56",5,5,11,0.394782028840545,"female","muslim","indian",5,5
"297","india-socioling","zenith","Z05B56",5,5,11,0.394782028840545,"female","muslim","french",5,1
"298","india-socioling","zenith","Z05B56",5,5,11,0.394782028840545,"female","muslim","tell_a_lot",3,3
"299","india-socioling","zenith","Z05B56",5,5,11,0.394782028840545,"female","muslim","tell_where_from",2,2
"300","india-socioling","zenith","Z05B56",5,5,11,0.394782028840545,"female","muslim","tell_education",4,4
"301","india-socioling","zenith","Z05B62",5,5,10,-0.605217971159455,"female","hindu","ancestors",3,3
"302","india-socioling","zenith","Z05B62",5,5,10,-0.605217971159455,"female","hindu","indian",4,4
"303","india-socioling","zenith","Z05B62",5,5,10,-0.605217971159455,"female","hindu","french",4,2
"304","india-socioling","zenith","Z05B62",5,5,10,-0.605217971159455,"female","hindu","tell_a_lot",4,4
"305","india-socioling","zenith","Z05B62",5,5,10,-0.605217971159455,"female","hindu","tell_where_from",4,4
"306","india-socioling","zenith","Z05B62",5,5,10,-0.605217971159455,"female","hindu","tell_education",4,4
"307","india-socioling","zenith","Z05C03",5,5,10,-0.605217971159455,"male","hindu","ancestors",1,1
"308","india-socioling","zenith","Z05C03",5,5,10,-0.605217971159455,"male","hindu","indian",5,5
"309","india-socioling","zenith","Z05C03",5,5,10,-0.605217971159455,"male","hindu","french",5,1
"310","india-socioling","zenith","Z05C03",5,5,10,-0.605217971159455,"male","hindu","tell_a_lot",4,4
"311","india-socioling","zenith","Z05C03",5,5,10,-0.605217971159455,"male","hindu","tell_where_from",1,1
"312","india-socioling","zenith","Z05C03",5,5,10,-0.605217971159455,"male","hindu","tell_education",3,3
"313","india-socioling","zenith","Z05C04",5,5,10,-0.605217971159455,"male","hindu","ancestors",3,3
"314","india-socioling","zenith","Z05C04",5,5,10,-0.605217971159455,"male","hindu","indian",5,5
"315","india-socioling","zenith","Z05C04",5,5,10,-0.605217971159455,"male","hindu","french",2,4
"316","india-socioling","zenith","Z05C04",5,5,10,-0.605217971159455,"male","hindu","tell_a_lot",5,5
"317","india-socioling","zenith","Z05C04",5,5,10,-0.605217971159455,"male","hindu","tell_where_from",4,4
"318","india-socioling","zenith","Z05C04",5,5,10,-0.605217971159455,"male","hindu","tell_education",3,3
"319","india-socioling","zenith","Z05C06",5,5,10,-0.605217971159455,"male","other","ancestors",5,5
"320","india-socioling","zenith","Z05C06",5,5,10,-0.605217971159455,"male","other","indian",5,5
"321","india-socioling","zenith","Z05C06",5,5,10,-0.605217971159455,"male","other","french",5,1
"322","india-socioling","zenith","Z05C06",5,5,10,-0.605217971159455,"male","other","tell_a_lot",5,5
"323","india-socioling","zenith","Z05C06",5,5,10,-0.605217971159455,"male","other","tell_where_from",5,5
"324","india-socioling","zenith","Z05C06",5,5,10,-0.605217971159455,"male","other","tell_education",5,5
"325","india-socioling","zenith","Z05C07",5,5,11,0.394782028840545,"male","muslim","ancestors",1,1
"326","india-socioling","zenith","Z05C07",5,5,11,0.394782028840545,"male","muslim","indian",5,5
"327","india-socioling","zenith","Z05C07",5,5,11,0.394782028840545,"male","muslim","french",1,5
"328","india-socioling","zenith","Z05C07",5,5,11,0.394782028840545,"male","muslim","tell_a_lot",1,1
"329","india-socioling","zenith","Z05C07",5,5,11,0.394782028840545,"male","muslim","tell_where_from",1,1
"330","india-socioling","zenith","Z05C07",5,5,11,0.394782028840545,"male","muslim","tell_education",5,5
"331","india-socioling","zenith","Z05C09",5,5,10,-0.605217971159455,"male","hindu","ancestors",1,1
"332","india-socioling","zenith","Z05C09",5,5,10,-0.605217971159455,"male","hindu","indian",3,3
"333","india-socioling","zenith","Z05C09",5,5,10,-0.605217971159455,"male","hindu","french",2,4
"334","india-socioling","zenith","Z05C09",5,5,10,-0.605217971159455,"male","hindu","tell_a_lot",1,1
"335","india-socioling","zenith","Z05C09",5,5,10,-0.605217971159455,"male","hindu","tell_where_from",5,5
"336","india-socioling","zenith","Z05C09",5,5,10,-0.605217971159455,"male","hindu","tell_education",1,1
"337","india-socioling","zenith","Z05C10",5,5,10,-0.605217971159455,"male","muslim","ancestors",3,3
"338","india-socioling","zenith","Z05C10",5,5,10,-0.605217971159455,"male","muslim","indian",5,5
"339","india-socioling","zenith","Z05C10",5,5,10,-0.605217971159455,"male","muslim","french",3,3
"340","india-socioling","zenith","Z05C10",5,5,10,-0.605217971159455,"male","muslim","tell_a_lot",3,3
"341","india-socioling","zenith","Z05C10",5,5,10,-0.605217971159455,"male","muslim","tell_where_from",5,5
"342","india-socioling","zenith","Z05C10",5,5,10,-0.605217971159455,"male","muslim","tell_education",1,1
"343","india-socioling","zenith","Z05C44",5,5,10,-0.605217971159455,"female","hindu","ancestors",4,4
"344","india-socioling","zenith","Z05C44",5,5,10,-0.605217971159455,"female","hindu","indian",4,4
"345","india-socioling","zenith","Z05C44",5,5,10,-0.605217971159455,"female","hindu","french",2,4
"346","india-socioling","zenith","Z05C44",5,5,10,-0.605217971159455,"female","hindu","tell_a_lot",3,3
"347","india-socioling","zenith","Z05C44",5,5,10,-0.605217971159455,"female","hindu","tell_where_from",5,5
"348","india-socioling","zenith","Z05C44",5,5,10,-0.605217971159455,"female","hindu","tell_education",5,5
"349","india-socioling","zenith","Z05C45",5,5,10,-0.605217971159455,"female","hindu","ancestors",4,4
"350","india-socioling","zenith","Z05C45",5,5,10,-0.605217971159455,"female","hindu","indian",5,5
"351","india-socioling","zenith","Z05C45",5,5,10,-0.605217971159455,"female","hindu","french",3,3
"352","india-socioling","zenith","Z05C45",5,5,10,-0.605217971159455,"female","hindu","tell_a_lot",1,1
"353","india-socioling","zenith","Z05C45",5,5,10,-0.605217971159455,"female","hindu","tell_where_from",5,5
"354","india-socioling","zenith","Z05C45",5,5,10,-0.605217971159455,"female","hindu","tell_education",1,1
"355","india-socioling","zenith","Z05C46",5,5,10,-0.605217971159455,"female","muslim","ancestors",3,3
"356","india-socioling","zenith","Z05C46",5,5,10,-0.605217971159455,"female","muslim","indian",5,5
"357","india-socioling","zenith","Z05C46",5,5,10,-0.605217971159455,"female","muslim","french",4,2
"358","india-socioling","zenith","Z05C46",5,5,10,-0.605217971159455,"female","muslim","tell_a_lot",1,1
"359","india-socioling","zenith","Z05C46",5,5,10,-0.605217971159455,"female","muslim","tell_where_from",2,2
"360","india-socioling","zenith","Z05C46",5,5,10,-0.605217971159455,"female","muslim","tell_education",4,4
"361","india-socioling","zenith","Z05C48",5,5,10,-0.605217971159455,"female","muslim","ancestors",4,4
"362","india-socioling","zenith","Z05C48",5,5,10,-0.605217971159455,"female","muslim","indian",5,5
"363","india-socioling","zenith","Z05C48",5,5,10,-0.605217971159455,"female","muslim","french",3,3
"364","india-socioling","zenith","Z05C48",5,5,10,-0.605217971159455,"female","muslim","tell_a_lot",2,2
"365","india-socioling","zenith","Z05C48",5,5,10,-0.605217971159455,"female","muslim","tell_where_from",5,5
"366","india-socioling","zenith","Z05C48",5,5,10,-0.605217971159455,"female","muslim","tell_education",5,5
"367","india-socioling","zenith","Z05C49",5,5,10,-0.605217971159455,"female","hindu","ancestors",5,5
"368","india-socioling","zenith","Z05C49",5,5,10,-0.605217971159455,"female","hindu","indian",5,5
"369","india-socioling","zenith","Z05C49",5,5,10,-0.605217971159455,"female","hindu","french",4,2
"370","india-socioling","zenith","Z05C49",5,5,10,-0.605217971159455,"female","hindu","tell_a_lot",5,5
"371","india-socioling","zenith","Z05C49",5,5,10,-0.605217971159455,"female","hindu","tell_where_from",5,5
"372","india-socioling","zenith","Z05C49",5,5,10,-0.605217971159455,"female","hindu","tell_education",5,5
"373","india-socioling","zenith","Z05C50",5,5,9.7,-0.905217971159455,"female","hindu","ancestors",4,4
"374","india-socioling","zenith","Z05C50",5,5,9.7,-0.905217971159455,"female","hindu","indian",4,4
"375","india-socioling","zenith","Z05C50",5,5,9.7,-0.905217971159455,"female","hindu","french",4,2
"376","india-socioling","zenith","Z05C50",5,5,9.7,-0.905217971159455,"female","hindu","tell_a_lot",2,2
"377","india-socioling","zenith","Z05C50",5,5,9.7,-0.905217971159455,"female","hindu","tell_where_from",5,5
"378","india-socioling","zenith","Z05C50",5,5,9.7,-0.905217971159455,"female","hindu","tell_education",3,3
"379","india-socioling","zenith","Z05C51",5,5,10,-0.605217971159455,"female","muslim","ancestors",2,2
"380","india-socioling","zenith","Z05C51",5,5,10,-0.605217971159455,"female","muslim","indian",5,5
"381","india-socioling","zenith","Z05C51",5,5,10,-0.605217971159455,"female","muslim","french",4,2
"382","india-socioling","zenith","Z05C51",5,5,10,-0.605217971159455,"female","muslim","tell_a_lot",4,4
"383","india-socioling","zenith","Z05C51",5,5,10,-0.605217971159455,"female","muslim","tell_where_from",5,5
"384","india-socioling","zenith","Z05C51",5,5,10,-0.605217971159455,"female","muslim","tell_education",4,4
"385","india-socioling","zenith","Z05C56",5,5,10,-0.605217971159455,"female","muslim","ancestors",4,4
"386","india-socioling","zenith","Z05C56",5,5,10,-0.605217971159455,"female","muslim","indian",5,5
"387","india-socioling","zenith","Z05C56",5,5,10,-0.605217971159455,"female","muslim","french",3,3
"388","india-socioling","zenith","Z05C56",5,5,10,-0.605217971159455,"female","muslim","tell_a_lot",2,2
"389","india-socioling","zenith","Z05C56",5,5,10,-0.605217971159455,"female","muslim","tell_where_from",5,5
"390","india-socioling","zenith","Z05C56",5,5,10,-0.605217971159455,"female","muslim","tell_education",4,4
"391","india-socioling","zenith","Z07A01",7,7,12,1.39478202884055,"male","hindu","ancestors",3,3
"392","india-socioling","zenith","Z07A01",7,7,12,1.39478202884055,"male","hindu","indian",2,2
"393","india-socioling","zenith","Z07A01",7,7,12,1.39478202884055,"male","hindu","french",3,3
"394","india-socioling","zenith","Z07A01",7,7,12,1.39478202884055,"male","hindu","tell_a_lot",4,4
"395","india-socioling","zenith","Z07A01",7,7,12,1.39478202884055,"male","hindu","tell_where_from",5,5
"396","india-socioling","zenith","Z07A01",7,7,12,1.39478202884055,"male","hindu","tell_education",4,4
"397","india-socioling","zenith","Z07A02",7,7,12,1.39478202884055,"male","hindu","ancestors",4,4
"398","india-socioling","zenith","Z07A02",7,7,12,1.39478202884055,"male","hindu","indian",5,5
"399","india-socioling","zenith","Z07A02",7,7,12,1.39478202884055,"male","hindu","french",3,3
"400","india-socioling","zenith","Z07A02",7,7,12,1.39478202884055,"male","hindu","tell_a_lot",2,2
"401","india-socioling","zenith","Z07A02",7,7,12,1.39478202884055,"male","hindu","tell_where_from",5,5
"402","india-socioling","zenith","Z07A02",7,7,12,1.39478202884055,"male","hindu","tell_education",1,1
"403","india-socioling","zenith","Z07A04",7,7,12,1.39478202884055,"male","hindu","ancestors",4,4
"404","india-socioling","zenith","Z07A04",7,7,12,1.39478202884055,"male","hindu","indian",5,5
"405","india-socioling","zenith","Z07A04",7,7,12,1.39478202884055,"male","hindu","french",4,2
"406","india-socioling","zenith","Z07A04",7,7,12,1.39478202884055,"male","hindu","tell_a_lot",5,5
"407","india-socioling","zenith","Z07A04",7,7,12,1.39478202884055,"male","hindu","tell_where_from",5,5
"408","india-socioling","zenith","Z07A04",7,7,12,1.39478202884055,"male","hindu","tell_education",3,3
"409","india-socioling","zenith","Z07A05",7,7,12,1.39478202884055,"male","muslim","ancestors",3,3
"410","india-socioling","zenith","Z07A05",7,7,12,1.39478202884055,"male","muslim","indian",4,4
"411","india-socioling","zenith","Z07A05",7,7,12,1.39478202884055,"male","muslim","french",3,3
"412","india-socioling","zenith","Z07A05",7,7,12,1.39478202884055,"male","muslim","tell_a_lot",3,3
"413","india-socioling","zenith","Z07A05",7,7,12,1.39478202884055,"male","muslim","tell_where_from",3,3
"414","india-socioling","zenith","Z07A05",7,7,12,1.39478202884055,"male","muslim","tell_education",4,4
"415","india-socioling","zenith","Z07A06",7,7,13,2.39478202884055,"male","hindu","ancestors",3,3
"416","india-socioling","zenith","Z07A06",7,7,13,2.39478202884055,"male","hindu","indian",5,5
"417","india-socioling","zenith","Z07A06",7,7,13,2.39478202884055,"male","hindu","french",1,5
"418","india-socioling","zenith","Z07A06",7,7,13,2.39478202884055,"male","hindu","tell_a_lot",5,5
"419","india-socioling","zenith","Z07A06",7,7,13,2.39478202884055,"male","hindu","tell_where_from",5,5
"420","india-socioling","zenith","Z07A06",7,7,13,2.39478202884055,"male","hindu","tell_education",4,4
"421","india-socioling","zenith","Z07A09",7,7,12,1.39478202884055,"male",NA,"ancestors",5,5
"422","india-socioling","zenith","Z07A09",7,7,12,1.39478202884055,"male",NA,"indian",3,3
"423","india-socioling","zenith","Z07A09",7,7,12,1.39478202884055,"male",NA,"french",1,5
"424","india-socioling","zenith","Z07A09",7,7,12,1.39478202884055,"male",NA,"tell_a_lot",4,4
"425","india-socioling","zenith","Z07A09",7,7,12,1.39478202884055,"male",NA,"tell_where_from",5,5
"426","india-socioling","zenith","Z07A09",7,7,12,1.39478202884055,"male",NA,"tell_education",3,3
"427","india-socioling","zenith","Z07A10",7,7,13,2.39478202884055,"male","muslim","ancestors",3,3
"428","india-socioling","zenith","Z07A10",7,7,13,2.39478202884055,"male","muslim","indian",3,3
"429","india-socioling","zenith","Z07A10",7,7,13,2.39478202884055,"male","muslim","french",4,2
"430","india-socioling","zenith","Z07A10",7,7,13,2.39478202884055,"male","muslim","tell_a_lot",3,3
"431","india-socioling","zenith","Z07A10",7,7,13,2.39478202884055,"male","muslim","tell_where_from",5,5
"432","india-socioling","zenith","Z07A10",7,7,13,2.39478202884055,"male","muslim","tell_education",4,4
"433","india-socioling","zenith","Z07A11",7,7,13,2.39478202884055,"male","hindu","ancestors",3,3
"434","india-socioling","zenith","Z07A11",7,7,13,2.39478202884055,"male","hindu","indian",4,4
"435","india-socioling","zenith","Z07A11",7,7,13,2.39478202884055,"male","hindu","french",2,4
"436","india-socioling","zenith","Z07A11",7,7,13,2.39478202884055,"male","hindu","tell_a_lot",4,4
"437","india-socioling","zenith","Z07A11",7,7,13,2.39478202884055,"male","hindu","tell_where_from",5,5
"438","india-socioling","zenith","Z07A11",7,7,13,2.39478202884055,"male","hindu","tell_education",4,4
"439","india-socioling","zenith","Z07A12",7,7,13,2.39478202884055,"male","hindu","ancestors",1,1
"440","india-socioling","zenith","Z07A12",7,7,13,2.39478202884055,"male","hindu","indian",1,1
"441","india-socioling","zenith","Z07A12",7,7,13,2.39478202884055,"male","hindu","french",4,2
"442","india-socioling","zenith","Z07A12",7,7,13,2.39478202884055,"male","hindu","tell_a_lot",5,5
"443","india-socioling","zenith","Z07A12",7,7,13,2.39478202884055,"male","hindu","tell_where_from",5,5
"444","india-socioling","zenith","Z07A12",7,7,13,2.39478202884055,"male","hindu","tell_education",5,5
"445","india-socioling","zenith","Z07A13",7,7,12,1.39478202884055,"male",NA,"ancestors",5,5
"446","india-socioling","zenith","Z07A13",7,7,12,1.39478202884055,"male",NA,"indian",3,3
"447","india-socioling","zenith","Z07A13",7,7,12,1.39478202884055,"male",NA,"french",2,4
"448","india-socioling","zenith","Z07A13",7,7,12,1.39478202884055,"male",NA,"tell_a_lot",5,5
"449","india-socioling","zenith","Z07A13",7,7,12,1.39478202884055,"male",NA,"tell_where_from",5,5
"450","india-socioling","zenith","Z07A13",7,7,12,1.39478202884055,"male",NA,"tell_education",3,3
"451","india-socioling","zenith","Z07A14",7,7,13,2.39478202884055,"male","hindu","ancestors",3,3
"452","india-socioling","zenith","Z07A14",7,7,13,2.39478202884055,"male","hindu","indian",2,2
"453","india-socioling","zenith","Z07A14",7,7,13,2.39478202884055,"male","hindu","french",2,4
"454","india-socioling","zenith","Z07A14",7,7,13,2.39478202884055,"male","hindu","tell_a_lot",3,3
"455","india-socioling","zenith","Z07A14",7,7,13,2.39478202884055,"male","hindu","tell_where_from",3,3
"456","india-socioling","zenith","Z07A14",7,7,13,2.39478202884055,"male","hindu","tell_education",4,4
"457","india-socioling","zenith","Z07A16",7,7,12,1.39478202884055,"male","muslim","ancestors",2,2
"458","india-socioling","zenith","Z07A16",7,7,12,1.39478202884055,"male","muslim","indian",3,3
"459","india-socioling","zenith","Z07A16",7,7,12,1.39478202884055,"male","muslim","french",5,1
"460","india-socioling","zenith","Z07A16",7,7,12,1.39478202884055,"male","muslim","tell_a_lot",1,1
"461","india-socioling","zenith","Z07A16",7,7,12,1.39478202884055,"male","muslim","tell_where_from",2,2
"462","india-socioling","zenith","Z07A16",7,7,12,1.39478202884055,"male","muslim","tell_education",1,1
"463","india-socioling","zenith","Z07A18",7,7,12,1.39478202884055,"male","muslim","ancestors",2,2
"464","india-socioling","zenith","Z07A18",7,7,12,1.39478202884055,"male","muslim","indian",5,5
"465","india-socioling","zenith","Z07A18",7,7,12,1.39478202884055,"male","muslim","french",5,1
"466","india-socioling","zenith","Z07A18",7,7,12,1.39478202884055,"male","muslim","tell_a_lot",2,2
"467","india-socioling","zenith","Z07A18",7,7,12,1.39478202884055,"male","muslim","tell_where_from",5,5
"468","india-socioling","zenith","Z07A18",7,7,12,1.39478202884055,"male","muslim","tell_education",1,1
"469","india-socioling","zenith","Z07A19",7,7,12,1.39478202884055,"male","muslim","ancestors",2,2
"470","india-socioling","zenith","Z07A19",7,7,12,1.39478202884055,"male","muslim","indian",2,2
"471","india-socioling","zenith","Z07A19",7,7,12,1.39478202884055,"male","muslim","french",4,2
"472","india-socioling","zenith","Z07A19",7,7,12,1.39478202884055,"male","muslim","tell_a_lot",1,1
"473","india-socioling","zenith","Z07A19",7,7,12,1.39478202884055,"male","muslim","tell_where_from",2,2
"474","india-socioling","zenith","Z07A19",7,7,12,1.39478202884055,"male","muslim","tell_education",1,1
"475","india-socioling","zenith","Z07A20",7,7,12,1.39478202884055,"male","muslim","ancestors",5,5
"476","india-socioling","zenith","Z07A20",7,7,12,1.39478202884055,"male","muslim","indian",4,4
"477","india-socioling","zenith","Z07A20",7,7,12,1.39478202884055,"male","muslim","french",1,5
"478","india-socioling","zenith","Z07A20",7,7,12,1.39478202884055,"male","muslim","tell_a_lot",2,2
"479","india-socioling","zenith","Z07A20",7,7,12,1.39478202884055,"male","muslim","tell_where_from",2,2
"480","india-socioling","zenith","Z07A20",7,7,12,1.39478202884055,"male","muslim","tell_education",5,5
"481","india-socioling","zenith","Z07A21",7,7,12,1.39478202884055,"male","hindu","ancestors",2,2
"482","india-socioling","zenith","Z07A21",7,7,12,1.39478202884055,"male","hindu","indian",3,3
"483","india-socioling","zenith","Z07A21",7,7,12,1.39478202884055,"male","hindu","french",2,4
"484","india-socioling","zenith","Z07A21",7,7,12,1.39478202884055,"male","hindu","tell_a_lot",3,3
"485","india-socioling","zenith","Z07A21",7,7,12,1.39478202884055,"male","hindu","tell_where_from",1,1
"486","india-socioling","zenith","Z07A21",7,7,12,1.39478202884055,"male","hindu","tell_education",3,3
"487","india-socioling","zenith","Z07A39",7,7,12,1.39478202884055,"female","hindu","ancestors",3,3
"488","india-socioling","zenith","Z07A39",7,7,12,1.39478202884055,"female","hindu","indian",4,4
"489","india-socioling","zenith","Z07A39",7,7,12,1.39478202884055,"female","hindu","french",5,1
"490","india-socioling","zenith","Z07A39",7,7,12,1.39478202884055,"female","hindu","tell_a_lot",5,5
"491","india-socioling","zenith","Z07A39",7,7,12,1.39478202884055,"female","hindu","tell_where_from",5,5
"492","india-socioling","zenith","Z07A39",7,7,12,1.39478202884055,"female","hindu","tell_education",1,1
"493","india-socioling","zenith","Z07A40",7,7,12,1.39478202884055,"female","muslim","ancestors",5,5
"494","india-socioling","zenith","Z07A40",7,7,12,1.39478202884055,"female","muslim","indian",4,4
"495","india-socioling","zenith","Z07A40",7,7,12,1.39478202884055,"female","muslim","french",1,5
"496","india-socioling","zenith","Z07A40",7,7,12,1.39478202884055,"female","muslim","tell_a_lot",5,5
"497","india-socioling","zenith","Z07A40",7,7,12,1.39478202884055,"female","muslim","tell_where_from",5,5
"498","india-socioling","zenith","Z07A40",7,7,12,1.39478202884055,"female","muslim","tell_education",4,4
"499","india-socioling","zenith","Z07A41",7,7,12,1.39478202884055,"female","hindu","ancestors",4,4
"500","india-socioling","zenith","Z07A41",7,7,12,1.39478202884055,"female","hindu","indian",4,4
"501","india-socioling","zenith","Z07A41",7,7,12,1.39478202884055,"female","hindu","french",4,2
"502","india-socioling","zenith","Z07A41",7,7,12,1.39478202884055,"female","hindu","tell_a_lot",4,4
"503","india-socioling","zenith","Z07A41",7,7,12,1.39478202884055,"female","hindu","tell_where_from",4,4
"504","india-socioling","zenith","Z07A41",7,7,12,1.39478202884055,"female","hindu","tell_education",3,3
"505","india-socioling","zenith","Z07A42",7,7,12,1.39478202884055,"female","hindu","ancestors",5,5
"506","india-socioling","zenith","Z07A42",7,7,12,1.39478202884055,"female","hindu","indian",4,4
"507","india-socioling","zenith","Z07A42",7,7,12,1.39478202884055,"female","hindu","french",4,2
"508","india-socioling","zenith","Z07A42",7,7,12,1.39478202884055,"female","hindu","tell_a_lot",4,4
"509","india-socioling","zenith","Z07A42",7,7,12,1.39478202884055,"female","hindu","tell_where_from",4,4
"510","india-socioling","zenith","Z07A42",7,7,12,1.39478202884055,"female","hindu","tell_education",2,2
"511","india-socioling","zenith","Z07A43",7,7,12,1.39478202884055,"female","muslim","ancestors",4,4
"512","india-socioling","zenith","Z07A43",7,7,12,1.39478202884055,"female","muslim","indian",4,4
"513","india-socioling","zenith","Z07A43",7,7,12,1.39478202884055,"female","muslim","french",2,4
"514","india-socioling","zenith","Z07A43",7,7,12,1.39478202884055,"female","muslim","tell_a_lot",4,4
"515","india-socioling","zenith","Z07A43",7,7,12,1.39478202884055,"female","muslim","tell_where_from",3,3
"516","india-socioling","zenith","Z07A43",7,7,12,1.39478202884055,"female","muslim","tell_education",3,3
"517","india-socioling","zenith","Z07A45",7,7,12,1.39478202884055,"female","muslim","ancestors",2,2
"518","india-socioling","zenith","Z07A45",7,7,12,1.39478202884055,"female","muslim","indian",3,3
"519","india-socioling","zenith","Z07A45",7,7,12,1.39478202884055,"female","muslim","french",2,4
"520","india-socioling","zenith","Z07A45",7,7,12,1.39478202884055,"female","muslim","tell_a_lot",3,3
"521","india-socioling","zenith","Z07A45",7,7,12,1.39478202884055,"female","muslim","tell_where_from",4,4
"522","india-socioling","zenith","Z07A45",7,7,12,1.39478202884055,"female","muslim","tell_education",4,4
"523","india-socioling","zenith","Z07A46",7,7,12,1.39478202884055,"female","muslim","ancestors",2,2
"524","india-socioling","zenith","Z07A46",7,7,12,1.39478202884055,"female","muslim","indian",4,4
"525","india-socioling","zenith","Z07A46",7,7,12,1.39478202884055,"female","muslim","french",2,4
"526","india-socioling","zenith","Z07A46",7,7,12,1.39478202884055,"female","muslim","tell_a_lot",3,3
"527","india-socioling","zenith","Z07A46",7,7,12,1.39478202884055,"female","muslim","tell_where_from",3,3
"528","india-socioling","zenith","Z07A46",7,7,12,1.39478202884055,"female","muslim","tell_education",3,3
"529","india-socioling","zenith","Z07A47",7,7,13,2.39478202884055,"female","hindu","ancestors",4,4
"530","india-socioling","zenith","Z07A47",7,7,13,2.39478202884055,"female","hindu","indian",4,4
"531","india-socioling","zenith","Z07A47",7,7,13,2.39478202884055,"female","hindu","french",2,4
"532","india-socioling","zenith","Z07A47",7,7,13,2.39478202884055,"female","hindu","tell_a_lot",4,4
"533","india-socioling","zenith","Z07A47",7,7,13,2.39478202884055,"female","hindu","tell_where_from",4,4
"534","india-socioling","zenith","Z07A47",7,7,13,2.39478202884055,"female","hindu","tell_education",1,1
"535","india-socioling","zenith","Z07A48",7,7,12,1.39478202884055,"female","muslim","ancestors",4,4
"536","india-socioling","zenith","Z07A48",7,7,12,1.39478202884055,"female","muslim","indian",4,4
"537","india-socioling","zenith","Z07A48",7,7,12,1.39478202884055,"female","muslim","french",3,3
"538","india-socioling","zenith","Z07A48",7,7,12,1.39478202884055,"female","muslim","tell_a_lot",4,4
"539","india-socioling","zenith","Z07A48",7,7,12,1.39478202884055,"female","muslim","tell_where_from",4,4
"540","india-socioling","zenith","Z07A48",7,7,12,1.39478202884055,"female","muslim","tell_education",4,4
"541","india-socioling","zenith","Z07A50",7,7,13,2.39478202884055,"female","muslim","ancestors",4,4
"542","india-socioling","zenith","Z07A50",7,7,13,2.39478202884055,"female","muslim","indian",5,5
"543","india-socioling","zenith","Z07A50",7,7,13,2.39478202884055,"female","muslim","french",3,3
"544","india-socioling","zenith","Z07A50",7,7,13,2.39478202884055,"female","muslim","tell_a_lot",5,5
"545","india-socioling","zenith","Z07A50",7,7,13,2.39478202884055,"female","muslim","tell_where_from",5,5
"546","india-socioling","zenith","Z07A50",7,7,13,2.39478202884055,"female","muslim","tell_education",4,4
"547","india-socioling","zenith","Z07A51",7,7,13,2.39478202884055,"female","muslim","ancestors",3,3
"548","india-socioling","zenith","Z07A51",7,7,13,2.39478202884055,"female","muslim","indian",2,2
"549","india-socioling","zenith","Z07A51",7,7,13,2.39478202884055,"female","muslim","french",2,4
"550","india-socioling","zenith","Z07A51",7,7,13,2.39478202884055,"female","muslim","tell_a_lot",1,1
"551","india-socioling","zenith","Z07A51",7,7,13,2.39478202884055,"female","muslim","tell_where_from",3,3
"552","india-socioling","zenith","Z07A51",7,7,13,2.39478202884055,"female","muslim","tell_education",5,5
"553","india-socioling","zenith","Z07A55",7,7,13,2.39478202884055,"female","hindu","ancestors",3,3
"554","india-socioling","zenith","Z07A55",7,7,13,2.39478202884055,"female","hindu","indian",1,1
"555","india-socioling","zenith","Z07A55",7,7,13,2.39478202884055,"female","hindu","french",1,5
"556","india-socioling","zenith","Z07A55",7,7,13,2.39478202884055,"female","hindu","tell_a_lot",5,5
"557","india-socioling","zenith","Z07A55",7,7,13,2.39478202884055,"female","hindu","tell_where_from",3,3
"558","india-socioling","zenith","Z07A55",7,7,13,2.39478202884055,"female","hindu","tell_education",1,1
"559","india-socioling","zenith","Z07A56",7,7,13,2.39478202884055,"female","hindu","ancestors",4,4
"560","india-socioling","zenith","Z07A56",7,7,13,2.39478202884055,"female","hindu","indian",4,4
"561","india-socioling","zenith","Z07A56",7,7,13,2.39478202884055,"female","hindu","french",3,3
"562","india-socioling","zenith","Z07A56",7,7,13,2.39478202884055,"female","hindu","tell_a_lot",3,3
"563","india-socioling","zenith","Z07A56",7,7,13,2.39478202884055,"female","hindu","tell_where_from",1,1
"564","india-socioling","zenith","Z07A56",7,7,13,2.39478202884055,"female","hindu","tell_education",1,1
"565","india-socioling","zenith","Z07A58",7,7,12,1.39478202884055,"female","hindu","ancestors",4,4
"566","india-socioling","zenith","Z07A58",7,7,12,1.39478202884055,"female","hindu","indian",4,4
"567","india-socioling","zenith","Z07A58",7,7,12,1.39478202884055,"female","hindu","french",2,4
"568","india-socioling","zenith","Z07A58",7,7,12,1.39478202884055,"female","hindu","tell_a_lot",2,2
"569","india-socioling","zenith","Z07A58",7,7,12,1.39478202884055,"female","hindu","tell_where_from",4,4
"570","india-socioling","zenith","Z07A58",7,7,12,1.39478202884055,"female","hindu","tell_education",2,2
"571","india-socioling","zenith","Z07A59",7,7,13,2.39478202884055,"female","hindu","ancestors",3,3
"572","india-socioling","zenith","Z07A59",7,7,13,2.39478202884055,"female","hindu","indian",4,4
"573","india-socioling","zenith","Z07A59",7,7,13,2.39478202884055,"female","hindu","french",4,2
"574","india-socioling","zenith","Z07A59",7,7,13,2.39478202884055,"female","hindu","tell_a_lot",5,5
"575","india-socioling","zenith","Z07A59",7,7,13,2.39478202884055,"female","hindu","tell_where_from",5,5
"576","india-socioling","zenith","Z07A59",7,7,13,2.39478202884055,"female","hindu","tell_education",5,5
"577","india-socioling","zenith","Z07B03",7,7,12,1.39478202884055,"male","hindu","ancestors",2,2
"578","india-socioling","zenith","Z07B03",7,7,12,1.39478202884055,"male","hindu","indian",2,2
"579","india-socioling","zenith","Z07B03",7,7,12,1.39478202884055,"male","hindu","french",3,3
"580","india-socioling","zenith","Z07B03",7,7,12,1.39478202884055,"male","hindu","tell_a_lot",2,2
"581","india-socioling","zenith","Z07B03",7,7,12,1.39478202884055,"male","hindu","tell_where_from",4,4
"582","india-socioling","zenith","Z07B03",7,7,12,1.39478202884055,"male","hindu","tell_education",2,2
"583","india-socioling","zenith","Z07B05",7,7,12,1.39478202884055,"male","muslim","ancestors",3,3
"584","india-socioling","zenith","Z07B05",7,7,12,1.39478202884055,"male","muslim","indian",4,4
"585","india-socioling","zenith","Z07B05",7,7,12,1.39478202884055,"male","muslim","french",3,3
"586","india-socioling","zenith","Z07B05",7,7,12,1.39478202884055,"male","muslim","tell_a_lot",3,3
"587","india-socioling","zenith","Z07B05",7,7,12,1.39478202884055,"male","muslim","tell_where_from",4,4
"588","india-socioling","zenith","Z07B05",7,7,12,1.39478202884055,"male","muslim","tell_education",2,2
"589","india-socioling","zenith","Z07B06",7,7,13,2.39478202884055,"male","hindu","ancestors",4,4
"590","india-socioling","zenith","Z07B06",7,7,13,2.39478202884055,"male","hindu","indian",5,5
"591","india-socioling","zenith","Z07B06",7,7,13,2.39478202884055,"male","hindu","french",4,2
"592","india-socioling","zenith","Z07B06",7,7,13,2.39478202884055,"male","hindu","tell_a_lot",1,1
"593","india-socioling","zenith","Z07B06",7,7,13,2.39478202884055,"male","hindu","tell_where_from",1,1
"594","india-socioling","zenith","Z07B06",7,7,13,2.39478202884055,"male","hindu","tell_education",3,3
"595","india-socioling","zenith","Z07B07",7,7,13,2.39478202884055,"male","hindu","ancestors",4,4
"596","india-socioling","zenith","Z07B07",7,7,13,2.39478202884055,"male","hindu","indian",5,5
"597","india-socioling","zenith","Z07B07",7,7,13,2.39478202884055,"male","hindu","french",3,3
"598","india-socioling","zenith","Z07B07",7,7,13,2.39478202884055,"male","hindu","tell_a_lot",5,5
"599","india-socioling","zenith","Z07B07",7,7,13,2.39478202884055,"male","hindu","tell_where_from",5,5
"600","india-socioling","zenith","Z07B07",7,7,13,2.39478202884055,"male","hindu","tell_education",3,3
"601","india-socioling","zenith","Z07B08",7,7,12,1.39478202884055,"male","hindu","ancestors",4,4
"602","india-socioling","zenith","Z07B08",7,7,12,1.39478202884055,"male","hindu","indian",5,5
"603","india-socioling","zenith","Z07B08",7,7,12,1.39478202884055,"male","hindu","french",2,4
"604","india-socioling","zenith","Z07B08",7,7,12,1.39478202884055,"male","hindu","tell_a_lot",2,2
"605","india-socioling","zenith","Z07B08",7,7,12,1.39478202884055,"male","hindu","tell_where_from",5,5
"606","india-socioling","zenith","Z07B08",7,7,12,1.39478202884055,"male","hindu","tell_education",1,1
"607","india-socioling","zenith","Z07B11",7,7,13,2.39478202884055,"male","other","ancestors",1,1
"608","india-socioling","zenith","Z07B11",7,7,13,2.39478202884055,"male","other","indian",5,5
"609","india-socioling","zenith","Z07B11",7,7,13,2.39478202884055,"male","other","french",4,2
"610","india-socioling","zenith","Z07B11",7,7,13,2.39478202884055,"male","other","tell_a_lot",2,2
"611","india-socioling","zenith","Z07B11",7,7,13,2.39478202884055,"male","other","tell_where_from",1,1
"612","india-socioling","zenith","Z07B11",7,7,13,2.39478202884055,"male","other","tell_education",4,4
"613","india-socioling","zenith","Z07B12",7,7,13,2.39478202884055,"male","muslim","ancestors",4,4
"614","india-socioling","zenith","Z07B12",7,7,13,2.39478202884055,"male","muslim","indian",3,3
"615","india-socioling","zenith","Z07B12",7,7,13,2.39478202884055,"male","muslim","french",2,4
"616","india-socioling","zenith","Z07B12",7,7,13,2.39478202884055,"male","muslim","tell_a_lot",2,2
"617","india-socioling","zenith","Z07B12",7,7,13,2.39478202884055,"male","muslim","tell_where_from",2,2
"618","india-socioling","zenith","Z07B12",7,7,13,2.39478202884055,"male","muslim","tell_education",3,3
"619","india-socioling","zenith","Z07B21",7,7,13,2.39478202884055,"male","muslim","ancestors",2,2
"620","india-socioling","zenith","Z07B21",7,7,13,2.39478202884055,"male","muslim","indian",2,2
"621","india-socioling","zenith","Z07B21",7,7,13,2.39478202884055,"male","muslim","french",4,2
"622","india-socioling","zenith","Z07B21",7,7,13,2.39478202884055,"male","muslim","tell_a_lot",5,5
"623","india-socioling","zenith","Z07B21",7,7,13,2.39478202884055,"male","muslim","tell_where_from",2,2
"624","india-socioling","zenith","Z07B21",7,7,13,2.39478202884055,"male","muslim","tell_education",2,2
"625","india-socioling","zenith","Z07B38",7,7,13,2.39478202884055,"female","hindu","ancestors",3,3
"626","india-socioling","zenith","Z07B38",7,7,13,2.39478202884055,"female","hindu","indian",5,5
"627","india-socioling","zenith","Z07B38",7,7,13,2.39478202884055,"female","hindu","french",3,3
"628","india-socioling","zenith","Z07B38",7,7,13,2.39478202884055,"female","hindu","tell_a_lot",4,4
"629","india-socioling","zenith","Z07B38",7,7,13,2.39478202884055,"female","hindu","tell_where_from",5,5
"630","india-socioling","zenith","Z07B38",7,7,13,2.39478202884055,"female","hindu","tell_education",1,1
"631","india-socioling","zenith","Z07B39",7,7,12,1.39478202884055,"female","hindu","ancestors",4,4
"632","india-socioling","zenith","Z07B39",7,7,12,1.39478202884055,"female","hindu","indian",5,5
"633","india-socioling","zenith","Z07B39",7,7,12,1.39478202884055,"female","hindu","french",4,2
"634","india-socioling","zenith","Z07B39",7,7,12,1.39478202884055,"female","hindu","tell_a_lot",2,2
"635","india-socioling","zenith","Z07B39",7,7,12,1.39478202884055,"female","hindu","tell_where_from",1,1
"636","india-socioling","zenith","Z07B39",7,7,12,1.39478202884055,"female","hindu","tell_education",2,2
"637","india-socioling","zenith","Z07B40",7,7,12,1.39478202884055,"female","hindu","ancestors",3,3
"638","india-socioling","zenith","Z07B40",7,7,12,1.39478202884055,"female","hindu","indian",4,4
"639","india-socioling","zenith","Z07B40",7,7,12,1.39478202884055,"female","hindu","french",2,4
"640","india-socioling","zenith","Z07B40",7,7,12,1.39478202884055,"female","hindu","tell_a_lot",4,4
"641","india-socioling","zenith","Z07B40",7,7,12,1.39478202884055,"female","hindu","tell_where_from",4,4
"642","india-socioling","zenith","Z07B40",7,7,12,1.39478202884055,"female","hindu","tell_education",2,2
"643","india-socioling","zenith","Z07B41",7,7,12,1.39478202884055,"female","muslim","ancestors",4,4
"644","india-socioling","zenith","Z07B41",7,7,12,1.39478202884055,"female","muslim","indian",3,3
"645","india-socioling","zenith","Z07B41",7,7,12,1.39478202884055,"female","muslim","french",3,3
"646","india-socioling","zenith","Z07B41",7,7,12,1.39478202884055,"female","muslim","tell_a_lot",4,4
"647","india-socioling","zenith","Z07B41",7,7,12,1.39478202884055,"female","muslim","tell_where_from",2,2
"648","india-socioling","zenith","Z07B41",7,7,12,1.39478202884055,"female","muslim","tell_education",4,4
"649","india-socioling","zenith","Z07B42",7,7,12,1.39478202884055,"female","muslim","ancestors",3,3
"650","india-socioling","zenith","Z07B42",7,7,12,1.39478202884055,"female","muslim","indian",3,3
"651","india-socioling","zenith","Z07B42",7,7,12,1.39478202884055,"female","muslim","french",2,4
"652","india-socioling","zenith","Z07B42",7,7,12,1.39478202884055,"female","muslim","tell_a_lot",2,2
"653","india-socioling","zenith","Z07B42",7,7,12,1.39478202884055,"female","muslim","tell_where_from",2,2
"654","india-socioling","zenith","Z07B42",7,7,12,1.39478202884055,"female","muslim","tell_education",3,3
"655","india-socioling","zenith","Z07B43",7,7,12,1.39478202884055,"female","hindu","ancestors",2,2
"656","india-socioling","zenith","Z07B43",7,7,12,1.39478202884055,"female","hindu","indian",5,5
"657","india-socioling","zenith","Z07B43",7,7,12,1.39478202884055,"female","hindu","french",3,3
"658","india-socioling","zenith","Z07B43",7,7,12,1.39478202884055,"female","hindu","tell_a_lot",1,1
"659","india-socioling","zenith","Z07B43",7,7,12,1.39478202884055,"female","hindu","tell_where_from",2,2
"660","india-socioling","zenith","Z07B43",7,7,12,1.39478202884055,"female","hindu","tell_education",4,4
"661","india-socioling","zenith","Z07B48",7,7,12,1.39478202884055,"female","muslim","ancestors",2,2
"662","india-socioling","zenith","Z07B48",7,7,12,1.39478202884055,"female","muslim","indian",4,4
"663","india-socioling","zenith","Z07B48",7,7,12,1.39478202884055,"female","muslim","french",4,2
"664","india-socioling","zenith","Z07B48",7,7,12,1.39478202884055,"female","muslim","tell_a_lot",3,3
"665","india-socioling","zenith","Z07B48",7,7,12,1.39478202884055,"female","muslim","tell_where_from",4,4
"666","india-socioling","zenith","Z07B48",7,7,12,1.39478202884055,"female","muslim","tell_education",2,2
"667","india-socioling","zenith","Z07B55",7,7,13,2.39478202884055,"female","muslim","ancestors",4,4
"668","india-socioling","zenith","Z07B55",7,7,13,2.39478202884055,"female","muslim","indian",2,2
"669","india-socioling","zenith","Z07B55",7,7,13,2.39478202884055,"female","muslim","french",3,3
"670","india-socioling","zenith","Z07B55",7,7,13,2.39478202884055,"female","muslim","tell_a_lot",3,3
"671","india-socioling","zenith","Z07B55",7,7,13,2.39478202884055,"female","muslim","tell_where_from",2,2
"672","india-socioling","zenith","Z07B55",7,7,13,2.39478202884055,"female","muslim","tell_education",1,1
